﻿手机取证采集目标编号,浏览器类型,名称,URL地址,创建时间,删除状态,删除时间
350000282600100100201407241441367054203478603080281087990,DOLPH,Google,http://google.com/,,0,
350000282600100100201407241441367054203478603080281087990,DOLPH,百度,http://m.baidu.com/?from=1395a,,0,
350000282600100100201407241441367054203478603080281087990,DOLPH,新浪,http://3g.sina.com.cn/,,0,
350000282600100100201407241441367054203478603080281087990,DOLPH,悦读,http://wap.cmread.com/r/p/index.jsp?cm=M3360001,,0,
350000282600100100201407241441367054203478603080281087990,DOLPH,淘宝,http://taobao.com/,,0,
350000282600100100201407241441367054203478603080281087990,DOLPH,百度,http://www.baidu.com/,,0,
350000282600100100201407241441367054203478603080281087990,DOLPH,网易,http://3g.163.com/touch/,,0,
350000282600100100201407241441367054203478603080281087990,DOLPH,优酷,http://www.youku.com/?TPA=dW5pb25faWQ9MTAzNTI0XzEwMDAwMV8wMV8wMQ,,0,
350000282600100100201407241441367054203478603080281087990,DOLPH,人人网,http://3g.renren.com,,0,
350000282600100100201407241441367054203478603080281087990,DOLPH,凤凰网,http://i.ifeng.com,,0,
350000282600100100201407241441367054203478603080281087990,DOLPH,海豚新闻,http://dzone.dolphin.com/detail/index.html?feature=105&from=home#detail1403509127947128,,0,
350000282600100100201407241441367054203478603080281087990,000UC,盖 - 百度百科,http://wapbaike.baidu.com/subview/8311/11145900.htm?fromId=8311&from=rdtself&ssid=0&uid=0&pu=usm%401%2Csz%401320_1001&bd_page_type=1&baiduid=876090D63705D4A4F91F6C31538605C6&tj=Xk_1_0_10_l1,,0,
350000282600100100201407241441367054203478603080281087990,000QQ,QQ空间,http://m.qzone.com/infocenter?g_f=10855,,0,
350000282600100100201407241441367054203478603080281087990,000QQ,小说书架,http://book.soso.com/page#!/bookshelf/0106,,0,
350000282600100100201407241441367054203478603080281087990,000QQ,手机体检,http://msm.qq.com/browser/index.html,,0,
350000282600100100201407241441367054203478603080281087990,000QQ,搜狗,http://m.sogou.com/?&pid=sogou-clse-6c91724b896cdcf4,,0,
350000282600100100201407241441367054203478603080281087990,000QQ,每日头条,qb://ext/read/portal?b_f=001203&b_f=001201,,0,
350000282600100100201407241441367054203478603080281087990,000QQ,热门游戏,http://g.qq.com/?ADTAG=browser.second.link&isfastlink=1&channelid=001203,,0,
350000282600100100201407241441367054203478603080281087990,000QQ,热门视频,http://v.html5.qq.com/?ch=001201,,0,
350000282600100100201407241441367054203478603080281087990,000QQ,百度,http://m.baidu.com/?from=1086k,,0,
350000282600100100201407241441367054203478603080281087990,000QQ,网址导航,http://app.html5.qq.com/navi/index,,0,
350000282600100100201407241441367054203478603080281087990,000QQ,腾讯微博,http://t.3g.qq.com/g/s?aid=3gen&g_ut=2&g_f=23015,,0,
350000282600100100201407241441367054203478603080281087990,000QQ,腾讯网,http://info.3g.qq.com/g/s?aid=index&g_ut=3&g_f=6484,,0,
350000282600100100201407241441367054203478603080281087990,000QQ,论坛热帖,http://forum.html5.qq.com/#indexShadow/001203/other,,0,
350000282600100100201407241441367054203478603080281087990,000QQ,软件应用,qb://market/startpage,,0,
350000282600100100201407241441367054203478603080281087990,000QQ,轻应用,http://app.html5.qq.com/light/index?target=001203,,0,
350000282600100100201407241441367054203478603080281087990,DEFAU,盖 - 百度百科,http://wapbaike.baidu.com/subview/8311/11145900.htm?fromId=8311&from=rdtself&ssid=0&uid=0&pu=usm%401%2Csz%401320_1001&bd_page_type=1&baiduid=876090D63705D4A4F91F6C31538605C6&tj=Xk_1_0_10_l1,,0,
350000282600100100201407241441367054203478603080281087990,BAIDU,百度,http://m.baidu.com/,,0,
350000282600100100201407241441367054203478603080281087990,BAIDU,新浪,http://sina.cn/,,0,
350000282600100100201407241441367054203478603080281087990,BAIDU,网易,http://3g.163.com/,,0,
350000282600100100201407241441367054203478603080281087990,BAIDU,新浪微博,http://m.weibo.cn/,,0,
350000282600100100201407241441367054203478603080281087990,BAIDU,开心网,http://m.kaixin001.com/,,0,
350000282600100100201407241441367054203478603080281087990,BAIDU,人人网,http://3g.renren.com/,,0,
350000282600100100201407241441367054203478603080281087990,BAIDU,Doctor异乡人 - 百度百科,http://wapbaike.baidu.com/view/11663930.htm?ref=wise,,0,
350000282600100100201407241441367054203478603080281087990,BAIDU,李英爱 - 百度,http://m.baidu.com/s?tn=bmbadr&pu=cuid%40_a2Ra0anSi0davi5gu2Wu_iX2ug3aviZla2PfgafH8i0OB8pYu2qt_aq-8_Oa2fWA%2Csz%401320_480%2Cosname%40baidubrowser%2Ccua%40_avLC_aE-i4qywoUfpw1zyadsizra2I4gN2w8AYqC%2Ccut%405fXkiya8sioluL8DgILH6Np2mqYqC%2Cctv%402%2Ccfrom%401000306b%2Ccen%40cuid_cua_cut%2Ccsrc%40app_box_txt&from=1000306b&word=%E6%9D%8E%E8%8B%B1%E7%88%B1,,0,
350000282600100100201407241441367054203478603080281087990,000UC,【手机】最新手机报价及图片大全-ZOL手机版,http://wap.zol.com.cn/list/57.html,,0,
350000282600100100201407241441367054203478603080281087990,000UC,UC网址导航,http://hao.uc.cn/index?ch=bookmark&uc_param_str=prdnfrpfbivelabtbmntpvsscp,,0,
350000282600100100201407241441367054203478603080281087990,000UC,淘宝热卖,http://r.m.taobao.com/m3?p=mm_32464889_3445792_11177701&c=1002,,0,
350000282600100100201407241441367054203478603080281087990,000UC,生活百事通,http://dh.uc.cn/?id=77688,,0,
350000282600100100201407241441367054203478603080281087990,000UC,百度搜索,http://mw.ucweb.com/e?id=118,,0,
350000282600100100201407241441367054203478603080281087990,000UC,UC资讯,http://mw.uc.cn/o?id=mobile_bookmark&uc_param_str=cpdnvefrpfssntbi,,0,
350000282600100100201407241441367054203478603080281087990,000UC,马伊琍时隔14个月开工 网友赞其为了女儿坚强,http://info.3g.qq.com/g/s?sid=AUDiy4vSP_d2FvLX8T4XfJKO&aid=ent_ss&id=ent_20140421020184&pos=ent_touch&icfa=home_touch,,0,
350000282600100100201407241441367054203478603080281087990,000UC,百度音乐-移动版,http://music.baidu.com/album/12440265?fm=ald,,0,
350000282600100100201407241441367054203478603080281087990,000UC,设置资料,https://id.uc.cn/profile/account/nickname?uc_param_str=nieisivefrpfbimilaprligiwiut,,0,
350000282600100100201407241441367054203478603080281087990,000UC,系统浏览器书签,,,0,
350000282600100100201407241441367054203478603080281087990,000UC,pc,,,0,
350000282600100100201407241441367054203478603080281087990,000UC,pad,,,0,
350000282600100100201407241441367054203478603080281087990,OPERA,盖 - 百度百科,http://wapbaike.baidu.com/subview/8311/11145900.htm?fromId=8311&from=rdtself&ssid=0&uid=0&pu=usm%401%2Csz%401320_1001&bd_page_type=1&baiduid=876090D63705D4A4F91F6C31538605C6&tj=Xk_1_0_10_l1,,0,
