手机取证采集目标编号,软件名称,用户ID,账号,地点类别,时间,地点名称,详细地址,经度,纬度,海拔,删除状态,删除时间
350000282600100100201407241440237054203478603080281087990,00001,,,0,,350000,,,,,0,
350000282600100100201407241440237054203478603080281087990,00001,,,0,,350000,,,,,0,
350000282600100100201407241440237054203478603080281087990,00001,,,0,,350000,,,,,0,
350000282600100100201407241440237054203478603080281087990,00001,,,0,,350000,,,,,0,
350000282600100100201407241440237054203478603080281087990,00001,,,0,,350000,,,,,0,
350000282600100100201407241440237054203478603080281087990,00001,,,0,,350000,,,,,0,
350000282600100100201407241440237054203478603080281087990,00000,,,0,,350000,,,,,0,
350000282600100100201407241440237054203478603080281087990,00000,,,0,,350000,,,,,0,
350000282600100100201407241440237054203478603080281087990,00000,,,0,,350000,,,,,0,
350000282600100100201407241440237054203478603080281087990,00000,,,0,,350000,,,,,0,
350000282600100100201407241440237054203478603080281087990,00000,,,0,,350000,,,,,0,
350000282600100100201407241440237054203478603080281087990,00000,,,0,,350000,,,,,0,
350000282600100100201407241440237054203478603080281087990,00000,,,0,,350000,,,,,0,
350000282600100100201407241440237054203478603080281087990,00000,,,0,,350000,,,,,0,
350000282600100100201407241440237054203478603080281087990,00000,,,0,,350000,,,,,0,
350000282600100100201407241440237054203478603080281087990,00000,,,0,,350000,,,,,0,
350000282600100100201407241440237054203478603080281087990,00000,,,0,,350000,,,,,0,
350000282600100100201407241440237054203478603080281087990,00000,,,0,,350000,,,,,0,
350000282600100100201407241440237054203478603080281087990,00000,,,0,,350000,,,,,0,
350000282600100100201407241440237054203478603080281087990,00000,,,0,,350000,,,,,0,
350000282600100100201407241440237054203478603080281087990,00000,,,0,,350000,,,,,0,
350000282600100100201407241440237054203478603080281087990,00000,,,0,,350000,,,,,0,
350000282600100100201407241440237054203478603080281087990,00000,,,0,,350000,,,,,0,
350000282600100100201407241440237054203478603080281087990,00000,,,0,,350000,,,,,0,
350000282600100100201407241440237054203478603080281087990,00000,,,0,,350000,,,,,0,
350000282600100100201407241440237054203478603080281087990,00000,,,0,,350000,,,,,0,
350000282600100100201407241440237054203478603080281087990,00000,,,0,,350000,,,,,0,
350000282600100100201407241440237054203478603080281087990,00002,,,0,,350000,莲前西路507-509号,118.13979,24.47881,,0,
350000282600100100201407241440237054203478603080281087990,00002,,,0,,350000,软件园观日路12号二期,118.17816,24.48748,,0,
