﻿手机取证采集目标编号,浏览器类型,网址,用户名,密码,删除状态,删除时间
350000282600100100201407241442057054203478603080281087990,,httphtml5.mail.10086.cn,1032hXx3oDtB3PKKhW-lckc6X_2McwbgMkxHWYMlqamqpKG_A,jnfcNoXal2tx3PKKhW-lcWj3SsMY_V9e7A1M-I8L1_fcCz-HA,0,
350000282600100100201407241442057054203478603080281087990,,httpsm.weibo.cn,-3y02Zq7B9tp3PKKhW-lcRq8L7QxuxUA9zIwx9GPpOEK2s3OA,L8z_dk-WHltR3PKKhW-lcaq61mkreU0Ajz4jKpJ9RO453I5EA,0,
350000282600100100201407241442057054203478603080281087990,,httpmt.renren.com,2263823425@qq.com,ceshi10086,0,
350000282600100100201407241442057054203478603080281087990,,httpsm.weibo.cn,15359221460,ceshi10086,0,
350000282600100100201407241442057054203478603080281087990,,httpm.360buy.com,18030115142,ceshi10086,0,
