手机取证采集目标编号,账号类型,用户ID,账号,昵称,好友用户ID,好友账号,好友昵称,私信内容,发送时间,本地动作,私信ID,删除状态,删除时间
350000282600100100201407241442037054203478603080281087990,0000001,,1683531992,Tom,,shoujimixue9951,,图片信息,1396947307,01,e9acd9d9ad4f49c0b775d837ae8a8aab,0,
350000282600100100201407241442037054203478603080281087990,0000001,,1683531992,Tom,,shoujimixue9951,,图片信息,1396947295,01,afdb1658d3ca4c489e0ea83e7bb1bf43,0,
350000282600100100201407241442037054203478603080281087990,0000001,,1683531992,Tom,,shoujimixue9951,,图片信息,1396947288,01,d0090ae127e9418b905c57c3032d0e33,0,
350000282600100100201407241442037054203478603080281087990,0000001,,1683531992,Tom,,shoujimixue9951,,音频信息,1396947280,01,f9654441359f466baf00210f7b64acb4,0,
350000282600100100201407241442037054203478603080281087990,0000001,,1683531992,Tom,,shoujimixue9951,,Luton,1395802887,01,80023dc80b544378bf495556d98e614e,0,
350000282600100100201407241442037054203478603080281087990,0000001,,1683531992,Tom,,shoujimixue9951,,Tolevel,1395802885,01,ec732b2744174abfa6358ddc7fb594a9,0,
350000282600100100201407241442037054203478603080281087990,0000001,,1683531992,Tom,,shoujimixue9951,,Olive,1395802884,01,ff3b2ceaa73041378e8b86536be6ef1e,0,
350000282600100100201407241442037054203478603080281087990,0000001,,1683531992,Tom,,shoujimixue9951,,lotto,1395802882,01,bbbdcf50730849c9b309e53c829d6f89,0,
350000282600100100201407241442047054203478603080281087990,0000001,,1683531992,Tom,,shoujimixue9951,,Lolo,1395802844,01,1c8c94d3e34f484cb8146c1441d9bd08,0,
350000282600100100201407241442047054203478603080281087990,0000001,,1683531992,Tom,,shoujimixue9951,,Jolt,1395802843,01,1aca068d49194c68aa765424db50bc29,0,
350000282600100100201407241442047054203478603080281087990,0000000,,3258669164,陆天池12,,1642909335,微博小秘书,388D534A149375AD67B341C509D97A671E67010FF5608D214C3787C6536B669346BC6C5054C15C63D92845F6A8B5B7AAA1C0,1369623955,01,56458c8d94ff4c58b9db08593531a18b,0,
350000282600100100201407241442047054203478603080281087990,0000000,,3258669164,陆天池12,,1642909335,微博小秘书,F79A12193BF2E502754D291040EBFDC4EA2978695D527648647663BABA97D20DE4ECFC45B92591530DD1FC43AC9FAA2B0C54,1384839010,01,c7455ce2dda848d6aecb51b49d5f592b,0,
350000282600100100201407241442047054203478603080281087990,0000000,,3258669164,陆天池12,,1642909335,微博小秘书,F79A12193BF2E502754D291040EBFDC4EA2978695D527648D1309A2A150837CCE4ECFC45B92591530DD1FC43AC9FAA2B0C54,1385379992,01,b1755e0473ff483fa577170425c4fcb4,0,
350000282600100100201407241442047054203478603080281087990,0000000,,3258669164,陆天池12,,1642909335,微博小秘书,3FB33A45F79A65ECDED2AE76863F2DCD5D2CACECC318C5605DAE59FDD5294C0F2A1FAF3F5453D66901718C40EF7715CF4A24,1389611518,01,51d253f90f054118ae0a3f03d75c2303,0,
350000282600100100201407241442047054203478603080281087990,0000000,,3258669164,陆天池12,,1642909335,微博小秘书,3FB33A45F79A65ECDED2AE76863F2DCD5D2CACECC318C5605DAE59FDD5294C0F2A1FAF3F5453D66901718C40EF7715CF4A24,1390451242,01,36ad687a5d9a4716a3f8aaa05c8a70a3,0,
350000282600100100201407241442047054203478603080281087990,0000000,,3258669164,陆天池12,,1642909335,微博小秘书,3FB33A45F79A65ECDED2AE76863F2DCD5D2CACECC318C5605DAE59FDD5294C0F2A1FAF3F5453D66901718C40EF7715CF56F4,1391313119,01,5d4be509be344d3e9afa956d75f1af74,0,
350000282600100100201407241442047054203478603080281087990,0000000,,3258669164,陆天池12,,2028810631,新浪新闻,06580D3FBBA62F01D7D107B4A00C0B68E7B7DBBF36B33D1C,1402911104,01,36cd579187d04a75b7e03a3c0f05324f,0,
350000282600100100201407241442047054203478603080281087990,0000000,,3258669164,陆天池12,,2028810631,新浪新闻,06580D3FBBA62F01A1E680FA620D24FCAE824F34BC53D0A7,1402964966,01,c84aabe7a3074d15b76ab70f51157ce3,0,
350000282600100100201407241442047054203478603080281087990,0000000,,3258669164,陆天池12,,2028810631,新浪新闻,FF315D401472430586D3A6E49CFAFA31EAED9E975E07A3A1,1402996818,01,f3d3c65db26642269fd2023db91a4baa,0,
350000282600100100201407241442047054203478603080281087990,0000000,,3258669164,陆天池12,,2028810631,新浪新闻,06580D3FBBA62F01F4A47716B7F89C7652DB5240FB5C2B5C,1403053314,01,19547af5770149cab1119ba54e8ed25c,0,
350000282600100100201407241442047054203478603080281087990,0000000,,3258669164,陆天池12,,2028810631,新浪新闻,FF315D4014724305098BDA9D77D785C596C783D52E7B7677,1403167664,01,a69181c642f34f5593c2b058ed6bcca5,0,
350000282600100100201407241442047054203478603080281087990,0000000,,3258669164,陆天池12,,2028810631,新浪新闻,06580D3FBBA62F0193E8C1A1AD28D9DFE3BB63BCBAB0A667,1403226168,01,2f3041b9ae8c4ef3b52f44b859e38199,0,
350000282600100100201407241442047054203478603080281087990,0000000,,3258669164,陆天池12,,2028810631,新浪新闻,FF315D40147243059B1D5CDAFC91C825924848FBD71AA40F,1403256290,01,ef4f7e3cafe24b09a15fee979ed7f6ee,0,
350000282600100100201407241442047054203478603080281087990,0000000,,3258669164,陆天池12,,2028810631,新浪新闻,06580D3FBBA62F01B51766A69A13AA03B196D8E5BEB22781,1403310699,01,2261cc5e1c85426a9b3835a839b0b25f,0,
350000282600100100201407241442047054203478603080281087990,0000000,,3258669164,陆天池12,,2028810631,新浪新闻,FF315D4014724305395FEA8FE9DE14CE958E7621AB2DCA65,1403340785,01,df18235b79b44c66ba737cf90c10b3a1,0,
350000282600100100201407241442047054203478603080281087990,0000000,,3258669164,陆天池12,,2028810631,新浪新闻,06580D3FBBA62F01B91D1B0291C42DC17795131E32149D6C,1403399657,01,34ca0a8537fb4a0eb5573a01599169bc,0,
350000282600100100201407241442047054203478603080281087990,0000000,,3258669164,陆天池12,,2028810631,新浪新闻,FF315D401472430550C9AE08A27842687894635B47B66C52,1403427808,01,e631f925143e4f67920c5434b231d616,0,
350000282600100100201407241442047054203478603080281087990,0000000,,3258669164,陆天池12,,2028810631,新浪新闻,06580D3FBBA62F01FBB78A8DA93B4544D550E01128F11E96,1403483721,01,2f4e637851c54b3ea3d6ebdb5a646564,0,
350000282600100100201407241442047054203478603080281087990,0000000,,3258669164,陆天池12,,2028810631,新浪新闻,06580D3FBBA62F013781792525FBEE4CF72853BA57B32ECB,1403517423,01,29ea4d755f144b73883d8824c30529ea,0,
350000282600100100201407241442047054203478603080281087990,0000000,,3258669164,陆天池12,,2028810631,新浪新闻,06580D3FBBA62F01EDE797C1F93BFE33E6E98CE6F17F88D2,1403524926,01,573c25c7474346f586d4fda7d3abb170,0,
350000282600100100201407241442047054203478603080281087990,0000000,,3258669164,陆天池12,,2028810631,新浪新闻,06580D3FBBA62F0101E8BF48E88D909DA4E19268E08E69EC,1403569872,01,3cfb91de28f945c8b7e3da86291b778d,0,
350000282600100100201407241442047054203478603080281087990,0000000,,3258669164,陆天池12,,2028810631,新浪新闻,06580D3FBBA62F017ADBD15415B94E31A388CBD352EE6B4C,1403570080,01,26f510d5c4054914902df27c7d847c83,0,
350000282600100100201407241442047054203478603080281087990,0000000,,3258669164,陆天池12,,2028810631,新浪新闻,06580D3FBBA62F016BA7B55676F66993E0D014A80E0251C2,1403606456,01,8106dff56c6444cfb4cf90035291ed25,0,
350000282600100100201407241442047054203478603080281087990,0000000,,3258669164,陆天池12,,2028810631,新浪新闻,06580D3FBBA62F012B2ECB3AA2FE1817D72CD8F63373C3B8,1403613510,01,8b37568f5b574184a0bc2da2d4d0eb79,0,
350000282600100100201407241442047054203478603080281087990,0000000,,3258669164,陆天池12,,2028810631,新浪新闻,06580D3FBBA62F013A06CCF01D46B64C6927D1EDA425FC91,1403655612,01,88b0dadab4a44798a87c9b158593c7a9,0,
350000282600100100201407241442047054203478603080281087990,0000000,,3258669164,陆天池12,,2028810631,新浪新闻,06580D3FBBA62F0172D84739FF80B70A7AF672E758B589BC,1403658400,01,f2ff7b80a8784b2eb5f621d781b9a52c,0,
350000282600100100201407241442047054203478603080281087990,0000000,,3258669164,陆天池12,,2028810631,新浪新闻,06580D3FBBA62F01CC8EDEBCC843B25CA7F72041DD81FAA4,1403693705,01,1b5624f8231e446bbace1ecf8a08f4d9,0,
350000282600100100201407241442047054203478603080281087990,0000000,,3258669164,陆天池12,,2028810631,新浪新闻,06580D3FBBA62F01502BB92AEF69F96DEABAAC91AD0E1D77,1403699698,01,755df5c3988b425e81c0bf0a668ffe23,0,
350000282600100100201407241442047054203478603080281087990,0000000,,3258669164,陆天池12,,2028810631,新浪新闻,06580D3FBBA62F01F3AB6787D316F2323911CBB3C609998E,1403741511,01,3c26fb541dfc4bdda76fd1174d91f2ec,0,
350000282600100100201407241442047054203478603080281087990,0000000,,3258669164,陆天池12,,2028810631,新浪新闻,06580D3FBBA62F01DDCEBE0FC5FB6FEE4F0990E165AC79A8,1403744561,01,12271f74f9bd46c3a6b4bce08f64d995,0,
350000282600100100201407241442047054203478603080281087990,0000000,,3258669164,陆天池12,,2045097601,陌陌科技,5647EE375061F9F4A4F0D2CF56919A481DAD958BA5EF986F71FEF7DB27FA0D5CCDEC679B6A892661CC9C7CE8A8B05A5673B1,1403074087,01,af9d88e793bd4f17b76dda7e23e5038d,0,
350000282600100100201407241442047054203478603080281087990,0000000,,3258669164,陆天池12,,3043434944,李浩昌罗曼史,85C16CB561E65C18,1403747111,02,38145b9222604633a5de57dcb64a8f6c,0,
350000282600100100201407241442047054203478603080281087990,0000000,,3258669164,陆天池12,,3043934810,小鬼沈羽,11F4A9E0785ED1EA,1403747057,02,f05d7ffac6ef40f0986be45b9210d62e,0,
350000282600100100201407241442047054203478603080281087990,0000000,,3258669164,陆天池12,,3044548552,孙培智公馆,1D666E963AD461166FBFA24385D24864,1403747072,02,1ffb0376b7ad4ccb896573e2b6fa64a9,0,
350000282600100100201407241442047054203478603080281087990,0000000,,3258669164,陆天池12,,3045004250,顾淑君少校,1D666E963AD461166FBFA24385D24864,1403747090,02,861ce38bb427413ea281a0e326e3d4a5,0,
350000282600100100201407241442047054203478603080281087990,0000000,,3258669164,陆天池12,,3083675110,围观世界杯,06580D3FBBA62F01250A401C691A12E29B3323F9AA0B5C49,1403171942,01,a077933b6582402a88fe2226e4cd0126,0,
350000282600100100201407241442047054203478603080281087990,0000001,,2263823425,绝对可怜的小孩,,shoujialan8480,,音频信息,1396947595,02,9050a4bd7be34c09be49358e9d826e62,0,
350000282600100100201407241442047054203478603080281087990,0000001,,2263823425,绝对可怜的小孩,,shoujialan8480,,音频信息,1396947588,02,59755e5d4624483d8eb026e4c3a72c1e,0,
350000282600100100201407241442047054203478603080281087990,0000001,,2263823425,绝对可怜的小孩,,shoujialan8480,,音频信息,1396947586,02,ef052a636fbe4df0a929211321dd35aa,0,
350000282600100100201407241442047054203478603080281087990,0000001,,2263823425,绝对可怜的小孩,,shoujialan8480,,音频信息,1396947586,02,44ec828cdd76402e8bdf9024068e4190,0,
350000282600100100201407241442047054203478603080281087990,0000001,,2263823425,绝对可怜的小孩,,shoujialan8480,,音频信息,1396947566,02,6ab104c1f56443a8b7fa478da361b650,0,
350000282600100100201407241442047054203478603080281087990,0000001,,2263823425,绝对可怜的小孩,,shoujialan8480,,图片信息,1396947563,02,e6b35fe5656543cbba966ecca88fda81,0,
350000282600100100201407241442047054203478603080281087990,0000001,,2263823425,绝对可怜的小孩,,shoujialan8480,,音频信息,1396947560,02,af63ae7d3aa448cc9bcf5334e58ab4d5,0,
350000282600100100201407241442047054203478603080281087990,0000001,,2263823425,绝对可怜的小孩,,shoujialan8480,,图片信息,1396947556,02,ae57e1513c9d4028bb64a3fa322f50ae,0,
350000282600100100201407241442047054203478603080281087990,0000001,,2263823425,绝对可怜的小孩,,shoujialan8480,,图片信息,1396947540,02,52cdc128abfa4da69ff703dc1b74d0b1,0,
350000282600100100201407241442047054203478603080281087990,0000001,,2263823425,绝对可怜的小孩,,shoujialan8480,,cbkdfc,1394613854,02,5146ddee3a794e978ff2e1b1e9220e11,0,
350000282600100100201407241442047054203478603080281087990,0000001,,2263823425,绝对可怜的小孩,,xiaopangdeqingchun,,9.,1395801554,02,b58cca4882de442a806c2ff79e588865,0,
350000282600100100201407241442047054203478603080281087990,0000001,,2263823425,绝对可怜的小孩,,xiaopangdeqingchun,,69,1395801553,02,6db9695f54ca431fa11a77c7573e49f7,0,
350000282600100100201407241442047054203478603080281087990,0000001,,2263823425,绝对可怜的小孩,,xiaopangdeqingchun,,9,1395801550,02,c97d8ceedcca474396ecaa8c9e333d56,0,
350000282600100100201407241442047054203478603080281087990,0000001,,2263823425,绝对可怜的小孩,,xiaopangdeqingchun,,9,1395801549,02,57ba0154253a4bf7b4cb381d7b225d43,0,
350000282600100100201407241442047054203478603080281087990,0000001,,2263823425,绝对可怜的小孩,,xiaopangdeqingchun,,命运,1395801545,02,d84d327577154d42a332a949fd837155,0,
350000282600100100201407241442047054203478603080281087990,0000001,,2263823425,绝对可怜的小孩,,xiaopangdeqingchun,,8,1395801542,02,b5b080ec95f74fdbb12d1dc960666efe,0,
350000282600100100201407241442047054203478603080281087990,0000001,,2263823425,绝对可怜的小孩,,xiaopangdeqingchun,,56,1395801541,02,0a2c1de86f7045dc98f5ec23058a074d,0,
350000282600100100201407241442047054203478603080281087990,0000001,,2263823425,绝对可怜的小孩,,xiaopangdeqingchun,,26,1395801539,02,61557bcebd1e409381e7a4fa868efa20,0,
350000282600100100201407241442047054203478603080281087990,0000001,,2263823425,绝对可怜的小孩,,xiaopangdeqingchun,,么推荐,1395801538,02,0fe16557150d491d8df5eaea6d977dbd,0,
350000282600100100201407241442047054203478603080281087990,0000001,,2263823425,绝对可怜的小孩,,xiaopangdeqingchun,,踏欧,1395801535,02,9a651af542604b7a923339b81346aecc,0,
350000282600100100201407241442047054203478603080281087990,0000001,,2263823425,绝对可怜的小孩,,mutouren1606,,了：小“讠：丶“丶“,1395801354,02,7916d802409a4778b8c2a79715f52c08,0,
350000282600100100201407241442047054203478603080281087990,0000001,,2263823425,绝对可怜的小孩,,mutouren1606,,:-X<3x-(:-V:-I,1395801344,02,ce1c256e81284c54847416b221ec76e6,0,
350000282600100100201407241442047054203478603080281087990,0000001,,2263823425,绝对可怜的小孩,,mutouren1606,,gcvjbkon,1394591737,02,ff818ac24f534576986d5bfc7c9b2ad2,0,
350000282600100100201407241442047054203478603080281087990,0000001,,2263823425,绝对可怜的小孩,,mutouren1606,,fzhxkbob,1394591736,02,a451fc93b7c64b2e96291ade39e2c3e0,0,
350000282600100100201407241442047054203478603080281087990,0000001,,2263823425,绝对可怜的小孩,,mutouren1606,,fzchbpj,1394591735,02,b59bf9a5b27343079346f18ce101fddd,0,
350000282600100100201407241442047054203478603080281087990,0000001,,2263823425,绝对可怜的小孩,,mutouren1606,,gxvhbkpj,1394591734,02,450c15faa76247cbb84a20521f2aa232,0,
350000282600100100201407241442047054203478603080281087990,0000001,,2263823425,绝对可怜的小孩,,mutouren1606,,gxhcjb,1394591733,02,531ae1b90191424a926c1e107387081c,0,
350000282600100100201407241442047054203478603080281087990,0000001,,2263823425,绝对可怜的小孩,,mutouren1606,,ugvjoj,1394591731,02,9e0f018bcc5d472488b83ae024457b39,0,
350000282600100100201407241442047054203478603080281087990,0000001,,2263823425,绝对可怜的小孩,,mutouren1606,,xgchbk,1394591730,02,293d789dcf884e07bea3f791741cd83b,0,
350000282600100100201407241442047054203478603080281087990,0000001,,2263823425,绝对可怜的小孩,,mutouren1606,,xgchbk,1394591729,02,b06f58b5a4244ceb91b1b9f5efc6dc38,0,
350000282600100100201407241442047054203478603080281087990,0000001,,2263823425,绝对可怜的小孩,,t,,你好,1393313541,02,014815cd648c489188d2792bdbecda5b,0,
350000282600100100201407241442047054203478603080281087990,0000001,,2263823425,绝对可怜的小孩,,t,,哈哈,1392962109,02,df845b9564d64ae89e5b0d6ce9eb7263,0,
350000282600100100201407241442047054203478603080281087990,0000001,,2263823425,绝对可怜的小孩,,t,,黄渤微视首秀，8秒玩出“国际范儿”。无剪辑现场配乐公益大片，猛戳观看http://url.cn/WGL5dQ,1385261863,01,710b4003cdf646198302740f4836d337,0,
350000282600100100201407241442047054203478603080281087990,0000001,,2263823425,绝对可怜的小孩,,t,,【微视独家：美女给你讲笑话】美女喊你来微视看笑话！这里有性感名模韦海珊演绎爆笑小短剧；邻家女孩李梦雪讲述幽默冷笑话；超萌台妹湾湾妹教你正宗台湾腔。还等什么，快叫上你的小伙伴一起玩微视吧！点击下载微视：,1383648483,01,53b9219697084828babef6f857fd9587,0,
350000282600100100201407241442047054203478603080281087990,0000001,,2263823425,绝对可怜的小孩,,t,,【腾讯八秒短视频分享社区“微视”正式发布】喜欢随手拍记录精彩瞬间？诚邀您体验微视，八秒短视频拍摄您的生活点滴，创意无限，可分享到微信和微博。何炅、杨幂等明星已抢先体验啦！下载猛戳 >>http://u,1381507080,01,ddb7cd5f809e48b59631d91f2b762981,0,
350000282600100100201407241442047054203478603080281087990,0000001,,2263823425,绝对可怜的小孩,,weili528067,,12月了。 你还吗,1386033381,02,5ac38b25e8704b84bdb3ea669df43bd1,0,
