<?xml version="1.0" encoding="UTF-8"?><MESSAGE><DATASET name="WA_COMMON_010017" rmk="数据文件索引信息"><DATA><DATASET name="WA_COMMON_010013" rmk="BCP文件格式信息"><DATA>
	<ITEM key="I010032" val="\t" rmk="列分隔符（缺少值时默认为制表符\t）"/>
	<ITEM key="I010033" val="\r\n" rmk="行分隔符（缺少值时默认为换行符\n）"/>
	<ITEM key="A010004" val="WA_MFORENSICS_011000" rmk="数据集代码"/>
	<ITEM key="B050016" val="137" rmk="数据来源"/>
	<ITEM key="F010008" val="350000" rmk="数据采集地"/>
	<ITEM key="I010038" val="1" rmk="数据起始行，可选项，不填写默认为第１行"/>
	<ITEM key="I010039" val="UTF-8" rmk="可选项，默认为UTF-8，BCP文件编码格式（采用不带格式的编码方式，如：UTF-8无BOM）"/>
	<DATASET name="WA_COMMON_010014" rmk="BCP数据文件信息">
		<DATA>
			<ITEM key="H040003" val="" rmk="文件路径"/>
			<ITEM key="H010020" val="137-350000-1403534417-00001-WA_MFORENSICS_011000-0.bcp" rmk="文件名"/>
			<ITEM key="I010034" val="14" rmk="记录行数"/>
		</DATA>
	</DATASET>
	<DATASET name="WA_COMMON_010015" rmk="BCP文件数据结构" fieldcnt="4">
		<DATA>
				<ITEM key="I050008" eng="COLLECT_TARGET_ID" chn="手机取证采集目标编号" rmk=""/>
				<ITEM key="B040002" eng="ACCOUNT" chn="本机同步账号" rmk=""/>
				<ITEM key="H010029" eng="DELETE_STATUS" chn="删除状态" rmk=""/>
				<ITEM key="B040033" eng="DELETE_TIME" chn="删除时间" rmk=""/>
		</DATA>
	</DATASET>
</DATA><DATA>
	<ITEM key="I010032" val="\t" rmk="列分隔符（缺少值时默认为制表符\t）"/>
	<ITEM key="I010033" val="\r\n" rmk="行分隔符（缺少值时默认为换行符\n）"/>
	<ITEM key="A010004" val="WA_MFORENSICS_050400" rmk="数据集代码"/>
	<ITEM key="B050016" val="137" rmk="数据来源"/>
	<ITEM key="F010008" val="350000" rmk="数据采集地"/>
	<ITEM key="I010038" val="1" rmk="数据起始行，可选项，不填写默认为第１行"/>
	<ITEM key="I010039" val="UTF-8" rmk="可选项，默认为UTF-8，BCP文件编码格式（采用不带格式的编码方式，如：UTF-8无BOM）"/>
	<DATASET name="WA_COMMON_010014" rmk="BCP数据文件信息">
		<DATA>
			<ITEM key="H040003" val="" rmk="文件路径"/>
			<ITEM key="H010020" val="137-350000-1403534417-00001-WA_MFORENSICS_050400-0.bcp" rmk="文件名"/>
			<ITEM key="I010034" val="100" rmk="记录行数"/>
		</DATA>
	</DATASET>
	<DATASET name="WA_COMMON_010015" rmk="BCP文件数据结构" fieldcnt="11">
		<DATA>
				<ITEM key="I050008" eng="COLLECT_TARGET_ID" chn="手机取证采集目标编号" rmk=""/>
				<ITEM key="C020006" eng="BROWSE_TYPE" chn="浏览器类型" rmk=""/>
				<ITEM key="G010002" eng="URL" chn="URL地址" rmk=""/>
				<ITEM key="C110006" eng="KEY_NAME" chn="COOKIE键名" rmk=""/>
				<ITEM key="C110007" eng="KEY_VALUE" chn="COOKIE键值" rmk=""/>
				<ITEM key="C110002" eng="CREATE_TIME" chn="创建时间" rmk=""/>
				<ITEM key="C110005" eng="EXPIRE_TIME" chn="过期时间" rmk=""/>
				<ITEM key="C110004" eng="VISIT_TIME" chn="最后访问时间" rmk=""/>
				<ITEM key="C110003" eng="VISITS" chn="访问次数" rmk=""/>
				<ITEM key="H010029" eng="DELETE_STATUS" chn="删除状态" rmk=""/>
				<ITEM key="B040033" eng="DELETE_TIME" chn="删除时间" rmk=""/>
		</DATA>
	</DATASET>
</DATA><DATA>
	<ITEM key="I010032" val="\t" rmk="列分隔符（缺少值时默认为制表符\t）"/>
	<ITEM key="I010033" val="\r\n" rmk="行分隔符（缺少值时默认为换行符\n）"/>
	<ITEM key="A010004" val="WA_MFORENSICS_050100" rmk="数据集代码"/>
	<ITEM key="B050016" val="137" rmk="数据来源"/>
	<ITEM key="F010008" val="350000" rmk="数据采集地"/>
	<ITEM key="I010038" val="1" rmk="数据起始行，可选项，不填写默认为第１行"/>
	<ITEM key="I010039" val="UTF-8" rmk="可选项，默认为UTF-8，BCP文件编码格式（采用不带格式的编码方式，如：UTF-8无BOM）"/>
	<DATASET name="WA_COMMON_010014" rmk="BCP数据文件信息">
		<DATA>
			<ITEM key="H040003" val="" rmk="文件路径"/>
			<ITEM key="H010020" val="137-350000-1403534417-00001-WA_MFORENSICS_050100-0.bcp" rmk="文件名"/>
			<ITEM key="I010034" val="5" rmk="记录行数"/>
		</DATA>
	</DATASET>
	<DATASET name="WA_COMMON_010015" rmk="BCP文件数据结构" fieldcnt="7">
		<DATA>
				<ITEM key="I050008" eng="COLLECT_TARGET_ID" chn="手机取证采集目标编号" rmk=""/>
				<ITEM key="C020006" eng="BROWSE_TYPE" chn="浏览器类型" rmk=""/>
				<ITEM key="G010002" eng="URL" chn="网址" rmk=""/>
				<ITEM key="B040002" eng="ACCOUNT" chn="用户名" rmk=""/>
				<ITEM key="B040005" eng="PASSWORD" chn="密码" rmk=""/>
				<ITEM key="H010029" eng="DELETE_STATUS" chn="删除状态" rmk=""/>
				<ITEM key="B040033" eng="DELETE_TIME" chn="删除时间" rmk=""/>
		</DATA>
	</DATASET>
</DATA><DATA>
	<ITEM key="I010032" val="\t" rmk="列分隔符（缺少值时默认为制表符\t）"/>
	<ITEM key="I010033" val="\r\n" rmk="行分隔符（缺少值时默认为换行符\n）"/>
	<ITEM key="A010004" val="WA_MFORENSICS_010900" rmk="数据集代码"/>
	<ITEM key="B050016" val="137" rmk="数据来源"/>
	<ITEM key="F010008" val="350000" rmk="数据采集地"/>
	<ITEM key="I010038" val="1" rmk="数据起始行，可选项，不填写默认为第１行"/>
	<ITEM key="I010039" val="UTF-8" rmk="可选项，默认为UTF-8，BCP文件编码格式（采用不带格式的编码方式，如：UTF-8无BOM）"/>
	<DATASET name="WA_COMMON_010014" rmk="BCP数据文件信息">
		<DATA>
			<ITEM key="H040003" val="" rmk="文件路径"/>
			<ITEM key="H010020" val="137-350000-1403534417-00001-WA_MFORENSICS_010900-0.bcp" rmk="文件名"/>
			<ITEM key="I010034" val="5" rmk="记录行数"/>
		</DATA>
	</DATASET>
	<DATASET name="WA_COMMON_010015" rmk="BCP文件数据结构" fieldcnt="10">
		<DATA>
				<ITEM key="I050008" eng="COLLECT_TARGET_ID" chn="手机取证采集目标编号" rmk=""/>
				<ITEM key="H020001" eng="TITLE" chn="标题" rmk=""/>
				<ITEM key="H010015" eng="START_TIME" chn="开始时间" rmk=""/>
				<ITEM key="H010016" eng="END_TIME" chn="结束时间" rmk=""/>
				<ITEM key="I020017" eng="EVENT_PLACE" chn="地点" rmk=""/>
				<ITEM key="C080004" eng="DESCRIPTION" chn="描述" rmk=""/>
				<ITEM key="C110002" eng="CREATE_TIME" chn="创建时间" rmk=""/>
				<ITEM key="I010005" eng="LATEST_MOD_TIME" chn="最后修改时间" rmk=""/>
				<ITEM key="H010029" eng="DELETE_STATUS" chn="删除状态" rmk=""/>
				<ITEM key="B040033" eng="DELETE_TIME" chn="删除时间" rmk=""/>
		</DATA>
	</DATASET>
</DATA><DATA>
	<ITEM key="I010032" val="\t" rmk="列分隔符（缺少值时默认为制表符\t）"/>
	<ITEM key="I010033" val="\r\n" rmk="行分隔符（缺少值时默认为换行符\n）"/>
	<ITEM key="A010004" val="WA_MFORENSICS_030400" rmk="数据集代码"/>
	<ITEM key="B050016" val="137" rmk="数据来源"/>
	<ITEM key="F010008" val="350000" rmk="数据采集地"/>
	<ITEM key="I010038" val="1" rmk="数据起始行，可选项，不填写默认为第１行"/>
	<ITEM key="I010039" val="UTF-8" rmk="可选项，默认为UTF-8，BCP文件编码格式（采用不带格式的编码方式，如：UTF-8无BOM）"/>
	<DATASET name="WA_COMMON_010014" rmk="BCP数据文件信息">
		<DATA>
			<ITEM key="H040003" val="" rmk="文件路径"/>
			<ITEM key="H010020" val="137-350000-1403534417-00001-WA_MFORENSICS_030400-0.bcp" rmk="文件名"/>
			<ITEM key="I010034" val="82" rmk="记录行数"/>
		</DATA>
	</DATASET>
	<DATASET name="WA_COMMON_010015" rmk="BCP文件数据结构" fieldcnt="14">
		<DATA>
				<ITEM key="I050008" eng="COLLECT_TARGET_ID" chn="手机取证采集目标编号" rmk=""/>
				<ITEM key="B040006" eng="CONTACT_ACCOUNT_TYPE" chn="账号类型" rmk=""/>
				<ITEM key="B040003" eng="ACCOUNT_ID" chn="用户ID" rmk=""/>
				<ITEM key="B040002" eng="ACCOUNT" chn="账号" rmk=""/>
				<ITEM key="B040004" eng="REGIS_NICKNAME" chn="昵称" rmk=""/>
				<ITEM key="B060004" eng="FRIEND_ID" chn="好友用户ID" rmk=""/>
				<ITEM key="B060002" eng="FRIEND_ACCOUNT" chn="好友账号" rmk=""/>
				<ITEM key="B060005" eng="FRIEND_NICKNAME" chn="好友昵称" rmk=""/>
				<ITEM key="H040001" eng="CONTENT" chn="私信内容" rmk=""/>
				<ITEM key="H030008" eng="MAIL_SEND_TIME" chn="发送时间" rmk=""/>
				<ITEM key="H040002" eng="LOCAL_ACTION" chn="本地动作" rmk=""/>
				<ITEM key="H040006" eng="TALK_ID" chn="私信ID" rmk=""/>
				<ITEM key="H010029" eng="DELETE_STATUS" chn="删除状态" rmk=""/>
				<ITEM key="B040033" eng="DELETE_TIME" chn="删除时间" rmk=""/>
		</DATA>
	</DATASET>
</DATA><DATA>
	<ITEM key="I010032" val="\t" rmk="列分隔符（缺少值时默认为制表符\t）"/>
	<ITEM key="I010033" val="\r\n" rmk="行分隔符（缺少值时默认为换行符\n）"/>
	<ITEM key="A010004" val="WA_MFORENSICS_050200" rmk="数据集代码"/>
	<ITEM key="B050016" val="137" rmk="数据来源"/>
	<ITEM key="F010008" val="350000" rmk="数据采集地"/>
	<ITEM key="I010038" val="1" rmk="数据起始行，可选项，不填写默认为第１行"/>
	<ITEM key="I010039" val="UTF-8" rmk="可选项，默认为UTF-8，BCP文件编码格式（采用不带格式的编码方式，如：UTF-8无BOM）"/>
	<DATASET name="WA_COMMON_010014" rmk="BCP数据文件信息">
		<DATA>
			<ITEM key="H040003" val="" rmk="文件路径"/>
			<ITEM key="H010020" val="137-350000-1403534417-00001-WA_MFORENSICS_050200-0.bcp" rmk="文件名"/>
			<ITEM key="I010034" val="48" rmk="记录行数"/>
		</DATA>
	</DATASET>
	<DATASET name="WA_COMMON_010015" rmk="BCP文件数据结构" fieldcnt="7">
		<DATA>
				<ITEM key="I050008" eng="COLLECT_TARGET_ID" chn="手机取证采集目标编号" rmk=""/>
				<ITEM key="C020006" eng="BROWSE_TYPE" chn="浏览器类型" rmk=""/>
				<ITEM key="C110001" eng="NAME" chn="名称" rmk=""/>
				<ITEM key="G010002" eng="URL" chn="URL地址" rmk=""/>
				<ITEM key="C110002" eng="CREATE_TIME" chn="创建时间" rmk=""/>
				<ITEM key="H010029" eng="DELETE_STATUS" chn="删除状态" rmk=""/>
				<ITEM key="B040033" eng="DELETE_TIME" chn="删除时间" rmk=""/>
		</DATA>
	</DATASET>
</DATA><DATA>
	<ITEM key="I010032" val="\t" rmk="列分隔符（缺少值时默认为制表符\t）"/>
	<ITEM key="I010033" val="\r\n" rmk="行分隔符（缺少值时默认为换行符\n）"/>
	<ITEM key="A010004" val="WA_MFORENSICS_040300" rmk="数据集代码"/>
	<ITEM key="B050016" val="137" rmk="数据来源"/>
	<ITEM key="F010008" val="350000" rmk="数据采集地"/>
	<ITEM key="I010038" val="1" rmk="数据起始行，可选项，不填写默认为第１行"/>
	<ITEM key="I010039" val="UTF-8" rmk="可选项，默认为UTF-8，BCP文件编码格式（采用不带格式的编码方式，如：UTF-8无BOM）"/>
	<DATASET name="WA_COMMON_010014" rmk="BCP数据文件信息">
		<DATA>
			<ITEM key="H040003" val="" rmk="文件路径"/>
			<ITEM key="H010020" val="137-350000-1403534417-00001-WA_MFORENSICS_040300-0.bcp" rmk="文件名"/>
			<ITEM key="I010034" val="67" rmk="记录行数"/>
		</DATA>
	</DATASET>
	<DATASET name="WA_COMMON_010015" rmk="BCP文件数据结构" fieldcnt="14">
		<DATA>
				<ITEM key="I050008" eng="COLLECT_TARGET_ID" chn="手机取证采集目标编号" rmk=""/>
				<ITEM key="H030006" eng="MAIL_TOOL_TYPE" chn="邮箱软件类型" rmk=""/>
				<ITEM key="B040002" eng="ACCOUNT" chn="本机账号" rmk=""/>
				<ITEM key="J020011" eng="SEQUENCE_NAME" chn="邮件ID" rmk=""/>
				<ITEM key="H030002" eng="FROM" chn="发信人地址" rmk=""/>
				<ITEM key="H030003" eng="TO" chn="收信人地址" rmk=""/>
				<ITEM key="H030004" eng="CC" chn="抄送人" rmk=""/>
				<ITEM key="H030005" eng="BCC" chn="密送人" rmk=""/>
				<ITEM key="H030008" eng="MAIL_SEND_TIME" chn="邮件发送时间" rmk=""/>
				<ITEM key="H030001" eng="MAIL_SUBJECT" chn="邮件主题" rmk=""/>
				<ITEM key="H010019" eng="MAINFILE" chn="邮件内容" rmk=""/>
				<ITEM key="H030009" eng="MAIL_VIEW_STATUS" chn="查看状态" rmk=""/>
				<ITEM key="H010029" eng="DELETE_STATUS" chn="删除状态" rmk=""/>
				<ITEM key="B040033" eng="DELETE_TIME" chn="删除时间" rmk=""/>
		</DATA>
	</DATASET>
</DATA><DATA>
	<ITEM key="I010032" val="\t" rmk="列分隔符（缺少值时默认为制表符\t）"/>
	<ITEM key="I010033" val="\r\n" rmk="行分隔符（缺少值时默认为换行符\n）"/>
	<ITEM key="A010004" val="WA_MFORENSICS_030200" rmk="数据集代码"/>
	<ITEM key="B050016" val="137" rmk="数据来源"/>
	<ITEM key="F010008" val="350000" rmk="数据采集地"/>
	<ITEM key="I010038" val="1" rmk="数据起始行，可选项，不填写默认为第１行"/>
	<ITEM key="I010039" val="UTF-8" rmk="可选项，默认为UTF-8，BCP文件编码格式（采用不带格式的编码方式，如：UTF-8无BOM）"/>
	<DATASET name="WA_COMMON_010014" rmk="BCP数据文件信息">
		<DATA>
			<ITEM key="H040003" val="" rmk="文件路径"/>
			<ITEM key="H010020" val="137-350000-1403534417-00001-WA_MFORENSICS_030200-0.bcp" rmk="文件名"/>
			<ITEM key="I010034" val="1,219" rmk="记录行数"/>
		</DATA>
	</DATASET>
	<DATASET name="WA_COMMON_010015" rmk="BCP文件数据结构" fieldcnt="34">
		<DATA>
				<ITEM key="I050008" eng="COLLECT_TARGET_ID" chn="手机取证采集目标编号" rmk=""/>
				<ITEM key="B040006" eng="CONTACT_ACCOUNT_TYPE" chn="账号类型" rmk=""/>
				<ITEM key="B040003" eng="ACCOUNT_ID" chn="用户ID" rmk=""/>
				<ITEM key="B040002" eng="ACCOUNT" chn="账号" rmk=""/>
				<ITEM key="B060004" eng="FRIEND_ID" chn="好友用户ID" rmk=""/>
				<ITEM key="B060002" eng="FRIEND_ACCOUNT" chn="好友账号" rmk=""/>
				<ITEM key="B060005" eng="FRIEND_NICKNAME" chn="好友昵称" rmk=""/>
				<ITEM key="B060006" eng="FRIEND_GROUP" chn="好友分组信息" rmk=""/>
				<ITEM key="B060003" eng="FRIEND_REMARK" chn="好友备注" rmk=""/>
				<ITEM key="G010002" eng="URL" chn="主页" rmk=""/>
				<ITEM key="H100055" eng="WEIBO_FOLLOW_TYPE" chn="关注方式" rmk=""/>
				<ITEM key="B030001" eng="AREA" chn="国家代号" rmk=""/>
				<ITEM key="B030002" eng="CITY_CODE" chn="行政区划" rmk=""/>
				<ITEM key="B020004" eng="FIXED_PHONE" chn="电话号码" rmk=""/>
				<ITEM key="B020005" eng="MSISDN" chn="手机号码" rmk=""/>
				<ITEM key="B040023" eng="EMAIL_ACCOUNT" chn="邮箱地址" rmk=""/>
				<ITEM key="B030004" eng="CERTIFICATE_TYPE" chn="对象证件类型" rmk=""/>
				<ITEM key="B030005" eng="CERTIFICATE_CODE" chn="对象证件号码" rmk=""/>
				<ITEM key="B010011" eng="SEXCODE" chn="性别" rmk=""/>
				<ITEM key="B010015" eng="AGE" chn="年龄" rmk=""/>
				<ITEM key="B020008" eng="POSTAL_ADDRESS" chn="联系地址" rmk=""/>
				<ITEM key="B020009" eng="POSTAL_CODE" chn="邮政编码" rmk=""/>
				<ITEM key="B030024" eng="OCCUPATION_NAME" chn="职业名称" rmk=""/>
				<ITEM key="B010016" eng="BLOOD_TYPE" chn="血型" rmk=""/>
				<ITEM key="B010001" eng="NAME" chn="真实名" rmk=""/>
				<ITEM key="B040029" eng="SIGN_NAME" chn="个性签名" rmk=""/>
				<ITEM key="B040030" eng="PERSONAL_DESC" chn="个人说明" rmk=""/>
				<ITEM key="B040031" eng="REG_CITY" chn="城市" rmk=""/>
				<ITEM key="B030018" eng="GRADUATESCHOOL" chn="毕业院校" rmk=""/>
				<ITEM key="B040034" eng="ZODIAC" chn="生肖" rmk=""/>
				<ITEM key="B040035" eng="CONSTALLATION" chn="星座" rmk=""/>
				<ITEM key="B010014" eng="BIRTHDAY" chn="出生年月" rmk=""/>
				<ITEM key="H010029" eng="DELETE_STATUS" chn="删除状态" rmk=""/>
				<ITEM key="B040033" eng="DELETE_TIME" chn="删除时间" rmk=""/>
		</DATA>
	</DATASET>
</DATA><DATA>
	<ITEM key="I010032" val="\t" rmk="列分隔符（缺少值时默认为制表符\t）"/>
	<ITEM key="I010033" val="\r\n" rmk="行分隔符（缺少值时默认为换行符\n）"/>
	<ITEM key="A010004" val="WA_MFORENSICS_020800" rmk="数据集代码"/>
	<ITEM key="B050016" val="137" rmk="数据来源"/>
	<ITEM key="F010008" val="350000" rmk="数据采集地"/>
	<ITEM key="I010038" val="1" rmk="数据起始行，可选项，不填写默认为第１行"/>
	<ITEM key="I010039" val="UTF-8" rmk="可选项，默认为UTF-8，BCP文件编码格式（采用不带格式的编码方式，如：UTF-8无BOM）"/>
	<DATASET name="WA_COMMON_010014" rmk="BCP数据文件信息">
		<DATA>
			<ITEM key="H040003" val="" rmk="文件路径"/>
			<ITEM key="H010020" val="137-350000-1403534417-00001-WA_MFORENSICS_020800-0.bcp" rmk="文件名"/>
			<ITEM key="I010034" val="51" rmk="记录行数"/>
		</DATA>
	</DATASET>
	<DATASET name="WA_COMMON_010015" rmk="BCP文件数据结构" fieldcnt="8">
		<DATA>
				<ITEM key="I050008" eng="COLLECT_TARGET_ID" chn="手机取证采集目标编号" rmk=""/>
				<ITEM key="B040006" eng="CONTACT_ACCOUNT_TYPE" chn="账号类型" rmk=""/>
				<ITEM key="B040003" eng="ACCOUNT_ID" chn="用户ID" rmk=""/>
				<ITEM key="B040002" eng="ACCOUNT" chn="账号" rmk=""/>
				<ITEM key="C110004" eng="CREATE_TIME" chn="时间" rmk=""/>
				<ITEM key="H020005" eng="KEYWORD" chn="关键词" rmk=""/>
				<ITEM key="H010029" eng="DELETE_STATUS" chn="删除状态" rmk=""/>
				<ITEM key="B040033" eng="DELETE_TIME" chn="删除时间" rmk=""/>
		</DATA>
	</DATASET>
</DATA><DATA>
	<ITEM key="I010032" val="\t" rmk="列分隔符（缺少值时默认为制表符\t）"/>
	<ITEM key="I010033" val="\r\n" rmk="行分隔符（缺少值时默认为换行符\n）"/>
	<ITEM key="A010004" val="WA_MFORENSICS_020200" rmk="数据集代码"/>
	<ITEM key="B050016" val="137" rmk="数据来源"/>
	<ITEM key="F010008" val="350000" rmk="数据采集地"/>
	<ITEM key="I010038" val="1" rmk="数据起始行，可选项，不填写默认为第１行"/>
	<ITEM key="I010039" val="UTF-8" rmk="可选项，默认为UTF-8，BCP文件编码格式（采用不带格式的编码方式，如：UTF-8无BOM）"/>
	<DATASET name="WA_COMMON_010014" rmk="BCP数据文件信息">
		<DATA>
			<ITEM key="H040003" val="" rmk="文件路径"/>
			<ITEM key="H010020" val="137-350000-1403534417-00001-WA_MFORENSICS_020200-0.bcp" rmk="文件名"/>
			<ITEM key="I010034" val="1,634" rmk="记录行数"/>
		</DATA>
	</DATASET>
	<DATASET name="WA_COMMON_010015" rmk="BCP文件数据结构" fieldcnt="32">
		<DATA>
				<ITEM key="I050008" eng="COLLECT_TARGET_ID" chn="手机取证采集目标编号" rmk=""/>
				<ITEM key="B040006" eng="CONTACT_ACCOUNT_TYPE" chn="账号类型" rmk=""/>
				<ITEM key="B040003" eng="ACCOUNT_ID" chn="用户ID" rmk=""/>
				<ITEM key="B040002" eng="ACCOUNT" chn="账号" rmk=""/>
				<ITEM key="B060004" eng="FRIEND_ID" chn="好友用户ID" rmk=""/>
				<ITEM key="B060002" eng="FRIEND_ACCOUNT" chn="好友账号" rmk=""/>
				<ITEM key="B060005" eng="FRIEND_NICKNAME" chn="好友昵称" rmk=""/>
				<ITEM key="B060006" eng="FRIEND_GROUP" chn="好友分组信息" rmk=""/>
				<ITEM key="B060003" eng="FRIEND_REMARK" chn="好友备注" rmk=""/>
				<ITEM key="B030001" eng="AREA" chn="国家代号" rmk=""/>
				<ITEM key="B030002" eng="CITY_CODE" chn="行政区划" rmk=""/>
				<ITEM key="B020004" eng="FIXED_PHONE" chn="电话号码" rmk=""/>
				<ITEM key="B020005" eng="MSISDN" chn="手机号码" rmk=""/>
				<ITEM key="B040023" eng="EMAIL_ACCOUNT" chn="邮箱地址" rmk=""/>
				<ITEM key="B030004" eng="CERTIFICATE_TYPE" chn="对象证件类型" rmk=""/>
				<ITEM key="B030005" eng="CERTIFICATE_CODE" chn="对象证件号码" rmk=""/>
				<ITEM key="B010011" eng="SEXCODE" chn="性别" rmk=""/>
				<ITEM key="B010015" eng="AGE" chn="年龄" rmk=""/>
				<ITEM key="B020008" eng="POSTAL_ADDRESS" chn="联系地址" rmk=""/>
				<ITEM key="B020009" eng="POSTAL_CODE" chn="邮政编码" rmk=""/>
				<ITEM key="B030024" eng="OCCUPATION_NAME" chn="职业名称" rmk=""/>
				<ITEM key="B010016" eng="BLOOD_TYPE" chn="血型" rmk=""/>
				<ITEM key="B010001" eng="NAME" chn="真实名" rmk=""/>
				<ITEM key="B040029" eng="SIGN_NAME" chn="个性签名" rmk=""/>
				<ITEM key="B040030" eng="PERSONAL_DESC" chn="个人说明" rmk=""/>
				<ITEM key="B040031" eng="REG_CITY" chn="城市" rmk=""/>
				<ITEM key="B030018" eng="GRADUATESCHOOL" chn="毕业院校" rmk=""/>
				<ITEM key="B040034" eng="ZODIAC" chn="生肖" rmk=""/>
				<ITEM key="B040035" eng="CONSTALLATION" chn="星座" rmk=""/>
				<ITEM key="B010014" eng="BIRTHDAY" chn="出生年月" rmk=""/>
				<ITEM key="H010029" eng="DELETE_STATUS" chn="删除状态" rmk=""/>
				<ITEM key="B040033" eng="DELETE_TIME" chn="删除时间" rmk=""/>
		</DATA>
	</DATASET>
</DATA><DATA>
	<ITEM key="I010032" val="\t" rmk="列分隔符（缺少值时默认为制表符\t）"/>
	<ITEM key="I010033" val="\r\n" rmk="行分隔符（缺少值时默认为换行符\n）"/>
	<ITEM key="A010004" val="WA_MFORENSICS_080100" rmk="数据集代码"/>
	<ITEM key="B050016" val="137" rmk="数据来源"/>
	<ITEM key="F010008" val="350000" rmk="数据采集地"/>
	<ITEM key="I010038" val="1" rmk="数据起始行，可选项，不填写默认为第１行"/>
	<ITEM key="I010039" val="UTF-8" rmk="可选项，默认为UTF-8，BCP文件编码格式（采用不带格式的编码方式，如：UTF-8无BOM）"/>
	<DATASET name="WA_COMMON_010014" rmk="BCP数据文件信息">
		<DATA>
			<ITEM key="H040003" val="" rmk="文件路径"/>
			<ITEM key="H010020" val="137-350000-1403534417-00001-WA_MFORENSICS_080100-0.bcp" rmk="文件名"/>
			<ITEM key="I010034" val="11" rmk="记录行数"/>
		</DATA>
	</DATASET>
	<DATASET name="WA_COMMON_010015" rmk="BCP文件数据结构" fieldcnt="13">
		<DATA>
				<ITEM key="I050008" eng="COLLECT_TARGET_ID" chn="手机取证采集目标编号" rmk=""/>
				<ITEM key="F030001" eng="SSID" chn="SSID" rmk=""/>
				<ITEM key="B030002" eng="CITY_CODE" chn="城市代码" rmk=""/>
				<ITEM key="B020001" eng="OPERATOR_NET" chn="运营商" rmk=""/>
				<ITEM key="F030006" eng="Wi-Fi_UNIT_TYPE" chn="单位类型" rmk=""/>
				<ITEM key="G020010" eng="ACCESS_TYPE" chn="接入方式" rmk=""/>
				<ITEM key="F020001" eng="IP_ADDRESS" chn="终端IP地址" rmk=""/>
				<ITEM key="B040025" eng="ENCRYPT_ALGORITHM" chn="加密方式" rmk=""/>
				<ITEM key="B040005" eng="PASSWORD" chn="密码" rmk=""/>
				<ITEM key="F030011" eng="AP_MAC" chn="APMAC地址" rmk=""/>
				<ITEM key="F030012" eng="AP_FIRMCODE" chn="AP厂商组织机构代码" rmk=""/>
				<ITEM key="H010029" eng="DELETE_STATUS" chn="删除状态" rmk=""/>
				<ITEM key="B040033" eng="DELETE_TIME" chn="删除时间" rmk=""/>
		</DATA>
	</DATASET>
</DATA><DATA>
	<ITEM key="I010032" val="\t" rmk="列分隔符（缺少值时默认为制表符\t）"/>
	<ITEM key="I010033" val="\r\n" rmk="行分隔符（缺少值时默认为换行符\n）"/>
	<ITEM key="A010004" val="WA_MFORENSICS_010400" rmk="数据集代码"/>
	<ITEM key="B050016" val="137" rmk="数据来源"/>
	<ITEM key="F010008" val="350000" rmk="数据采集地"/>
	<ITEM key="I010038" val="1" rmk="数据起始行，可选项，不填写默认为第１行"/>
	<ITEM key="I010039" val="UTF-8" rmk="可选项，默认为UTF-8，BCP文件编码格式（采用不带格式的编码方式，如：UTF-8无BOM）"/>
	<DATASET name="WA_COMMON_010014" rmk="BCP数据文件信息">
		<DATA>
			<ITEM key="H040003" val="" rmk="文件路径"/>
			<ITEM key="H010020" val="137-350000-1403534417-00001-WA_MFORENSICS_010400-0.bcp" rmk="文件名"/>
			<ITEM key="I010034" val="788" rmk="记录行数"/>
		</DATA>
	</DATASET>
	<DATASET name="WA_COMMON_010015" rmk="BCP文件数据结构" fieldcnt="6">
		<DATA>
				<ITEM key="I050008" eng="COLLECT_TARGET_ID" chn="手机取证采集目标编号" rmk=""/>
				<ITEM key="J020011" eng="SEQUENCE_NAME" chn="通讯录ID" rmk=""/>
				<ITEM key="B070002" eng="RELATIONSHIP_NAME" chn="联系人姓名" rmk=""/>
				<ITEM key="H100034" eng="PRIVACYCONFIG" chn="加密状态" rmk=""/>
				<ITEM key="H010029" eng="DELETE_STATUS" chn="删除状态" rmk=""/>
				<ITEM key="B040033" eng="DELETE_TIME" chn="删除时间" rmk=""/>
		</DATA>
	</DATASET>
</DATA><DATA>
	<ITEM key="I010032" val="\t" rmk="列分隔符（缺少值时默认为制表符\t）"/>
	<ITEM key="I010033" val="\r\n" rmk="行分隔符（缺少值时默认为换行符\n）"/>
	<ITEM key="A010004" val="WA_MFORENSICS_060200" rmk="数据集代码"/>
	<ITEM key="B050016" val="137" rmk="数据来源"/>
	<ITEM key="F010008" val="350000" rmk="数据采集地"/>
	<ITEM key="I010038" val="1" rmk="数据起始行，可选项，不填写默认为第１行"/>
	<ITEM key="I010039" val="UTF-8" rmk="可选项，默认为UTF-8，BCP文件编码格式（采用不带格式的编码方式，如：UTF-8无BOM）"/>
	<DATASET name="WA_COMMON_010014" rmk="BCP数据文件信息">
		<DATA>
			<ITEM key="H040003" val="" rmk="文件路径"/>
			<ITEM key="H010020" val="137-350000-1403534417-00001-WA_MFORENSICS_060200-0.bcp" rmk="文件名"/>
			<ITEM key="I010034" val="29" rmk="记录行数"/>
		</DATA>
	</DATASET>
	<DATASET name="WA_COMMON_010015" rmk="BCP文件数据结构" fieldcnt="13">
		<DATA>
				<ITEM key="I050008" eng="COLLECT_TARGET_ID" chn="手机取证采集目标编号" rmk=""/>
				<ITEM key="C020006" eng="BROWSE_TYPE" chn="软件名称" rmk=""/>
				<ITEM key="B040003" eng="ACCOUNT_ID" chn="用户ID" rmk=""/>
				<ITEM key="B040002" eng="ACCOUNT" chn="账号" rmk=""/>
				<ITEM key="F040008" eng="LOCATE_TYPE" chn="地点类别" rmk=""/>
				<ITEM key="H090006" eng="LOGIN_TIME" chn="时间" rmk=""/>
				<ITEM key="H090012" eng="CITY_CODE" chn="地点名称" rmk=""/>
				<ITEM key="E020007" eng="COMPANY_ADDRESS" chn="详细地址" rmk=""/>
				<ITEM key="F010001" eng="LONGITUDE" chn="经度" rmk=""/>
				<ITEM key="F010002" eng="LATITUDE" chn="纬度" rmk=""/>
				<ITEM key="F010009" eng="ABOVE_SEALEVEL" chn="海拔" rmk=""/>
				<ITEM key="H010029" eng="DELETE_STATUS" chn="删除状态" rmk=""/>
				<ITEM key="B040033" eng="DELETE_TIME" chn="删除时间" rmk=""/>
		</DATA>
	</DATASET>
</DATA><DATA>
	<ITEM key="I010032" val="\t" rmk="列分隔符（缺少值时默认为制表符\t）"/>
	<ITEM key="I010033" val="\r\n" rmk="行分隔符（缺少值时默认为换行符\n）"/>
	<ITEM key="A010004" val="WA_MFORENSICS_060100" rmk="数据集代码"/>
	<ITEM key="B050016" val="137" rmk="数据来源"/>
	<ITEM key="F010008" val="350000" rmk="数据采集地"/>
	<ITEM key="I010038" val="1" rmk="数据起始行，可选项，不填写默认为第１行"/>
	<ITEM key="I010039" val="UTF-8" rmk="可选项，默认为UTF-8，BCP文件编码格式（采用不带格式的编码方式，如：UTF-8无BOM）"/>
	<DATASET name="WA_COMMON_010014" rmk="BCP数据文件信息">
		<DATA>
			<ITEM key="H040003" val="" rmk="文件路径"/>
			<ITEM key="H010020" val="137-350000-1403534417-00001-WA_MFORENSICS_060100-0.bcp" rmk="文件名"/>
			<ITEM key="I010034" val="5" rmk="记录行数"/>
		</DATA>
	</DATASET>
	<DATASET name="WA_COMMON_010015" rmk="BCP文件数据结构" fieldcnt="30">
		<DATA>
				<ITEM key="I050008" eng="COLLECT_TARGET_ID" chn="手机取证采集目标编号" rmk=""/>
				<ITEM key="C020006" eng="BROWSE_TYPE" chn="软件名称" rmk=""/>
				<ITEM key="B040003" eng="ACCOUNT_ID" chn="用户ID" rmk=""/>
				<ITEM key="B040002" eng="ACCOUNT" chn="账号" rmk=""/>
				<ITEM key="B040004" eng="REGIS_NICKNAME" chn="用户昵称" rmk=""/>
				<ITEM key="B040005" eng="PASSWORD" chn="密码" rmk=""/>
				<ITEM key="C020018" eng="INSTALL_TIME" chn="安装日期" rmk=""/>
				<ITEM key="B030001" eng="AREA" chn="国家代号" rmk=""/>
				<ITEM key="B030002" eng="CITY_CODE" chn="行政区划" rmk=""/>
				<ITEM key="B020004" eng="FIXED_PHONE" chn="电话号码" rmk=""/>
				<ITEM key="B020005" eng="MSISDN" chn="手机号码" rmk=""/>
				<ITEM key="B040023" eng="EMAIL_ACCOUNT" chn="邮箱地址" rmk=""/>
				<ITEM key="B030004" eng="CERTIFICATE_TYPE" chn="对象证件类型" rmk=""/>
				<ITEM key="B030005" eng="CERTIFICATE_CODE" chn="对象证件号码" rmk=""/>
				<ITEM key="B010011" eng="SEXCODE" chn="性别" rmk=""/>
				<ITEM key="B010015" eng="AGE" chn="年龄" rmk=""/>
				<ITEM key="B020008" eng="POSTAL_ADDRESS" chn="联系地址" rmk=""/>
				<ITEM key="B020009" eng="POSTAL_CODE" chn="邮政编码" rmk=""/>
				<ITEM key="B030024" eng="OCCUPATION_NAME" chn="职业名称" rmk=""/>
				<ITEM key="B010016" eng="BLOOD_TYPE" chn="血型" rmk=""/>
				<ITEM key="B010001" eng="NAME" chn="真实名" rmk=""/>
				<ITEM key="B040029" eng="SIGN_NAME" chn="个性签名" rmk=""/>
				<ITEM key="B040030" eng="PERSONAL_DESC" chn="个人说明" rmk=""/>
				<ITEM key="B040031" eng="REG_CITY" chn="城市" rmk=""/>
				<ITEM key="B030018" eng="GRADUATESCHOOL" chn="毕业院校" rmk=""/>
				<ITEM key="B040034" eng="ZODIAC" chn="生肖" rmk=""/>
				<ITEM key="B040035" eng="CONSTALLATION" chn="星座" rmk=""/>
				<ITEM key="B010014" eng="BIRTHDAY" chn="出生年月" rmk=""/>
				<ITEM key="H010029" eng="DELETE_STATUS" chn="删除状态" rmk=""/>
				<ITEM key="B040033" eng="DELETE_TIME" chn="删除时间" rmk=""/>
		</DATA>
	</DATASET>
</DATA><DATA>
	<ITEM key="I010032" val="\t" rmk="列分隔符（缺少值时默认为制表符\t）"/>
	<ITEM key="I010033" val="\r\n" rmk="行分隔符（缺少值时默认为换行符\n）"/>
	<ITEM key="A010004" val="WA_MFORENSICS_040100" rmk="数据集代码"/>
	<ITEM key="B050016" val="137" rmk="数据来源"/>
	<ITEM key="F010008" val="350000" rmk="数据采集地"/>
	<ITEM key="I010038" val="1" rmk="数据起始行，可选项，不填写默认为第１行"/>
	<ITEM key="I010039" val="UTF-8" rmk="可选项，默认为UTF-8，BCP文件编码格式（采用不带格式的编码方式，如：UTF-8无BOM）"/>
	<DATASET name="WA_COMMON_010014" rmk="BCP数据文件信息">
		<DATA>
			<ITEM key="H040003" val="" rmk="文件路径"/>
			<ITEM key="H010020" val="137-350000-1403534417-00001-WA_MFORENSICS_040100-0.bcp" rmk="文件名"/>
			<ITEM key="I010034" val="1" rmk="记录行数"/>
		</DATA>
	</DATASET>
	<DATASET name="WA_COMMON_010015" rmk="BCP文件数据结构" fieldcnt="29">
		<DATA>
				<ITEM key="I050008" eng="COLLECT_TARGET_ID" chn="手机取证采集目标编号" rmk=""/>
				<ITEM key="H030006" eng="MAIL_TOOL_TYPE" chn="邮箱软件类型" rmk=""/>
				<ITEM key="B040002" eng="ACCOUNT" chn="账号" rmk=""/>
				<ITEM key="B040004" eng="REGIS_NICKNAME" chn="昵称" rmk=""/>
				<ITEM key="B040005" eng="PASSWORD" chn="密码" rmk=""/>
				<ITEM key="C020018" eng="INSTALL_TIME" chn="安装日期" rmk=""/>
				<ITEM key="B030001" eng="AREA" chn="国家代号" rmk=""/>
				<ITEM key="B030002" eng="CITY_CODE" chn="行政区划" rmk=""/>
				<ITEM key="B020004" eng="FIXED_PHONE" chn="电话号码" rmk=""/>
				<ITEM key="B020005" eng="MSISDN" chn="手机号码" rmk=""/>
				<ITEM key="B040023" eng="EMAIL_ACCOUNT" chn="邮箱地址" rmk=""/>
				<ITEM key="B030004" eng="CERTIFICATE_TYPE" chn="对象证件类型" rmk=""/>
				<ITEM key="B030005" eng="CERTIFICATE_CODE" chn="对象证件号码" rmk=""/>
				<ITEM key="B010011" eng="SEXCODE" chn="性别" rmk=""/>
				<ITEM key="B010015" eng="AGE" chn="年龄" rmk=""/>
				<ITEM key="B020008" eng="POSTAL_ADDRESS" chn="联系地址" rmk=""/>
				<ITEM key="B020009" eng="POSTAL_CODE" chn="邮政编码" rmk=""/>
				<ITEM key="B030024" eng="OCCUPATION_NAME" chn="职业名称" rmk=""/>
				<ITEM key="B010016" eng="BLOOD_TYPE" chn="血型" rmk=""/>
				<ITEM key="B010001" eng="NAME" chn="真实名" rmk=""/>
				<ITEM key="B040029" eng="SIGN_NAME" chn="个性签名" rmk=""/>
				<ITEM key="B040030" eng="PERSONAL_DESC" chn="个人说明" rmk=""/>
				<ITEM key="B040031" eng="REG_CITY" chn="城市" rmk=""/>
				<ITEM key="B030018" eng="GRADUATESCHOOL" chn="毕业院校" rmk=""/>
				<ITEM key="B040034" eng="ZODIAC" chn="生肖" rmk=""/>
				<ITEM key="B040035" eng="CONSTALLATION" chn="星座" rmk=""/>
				<ITEM key="B010014" eng="BIRTHDAY" chn="出生年月" rmk=""/>
				<ITEM key="H010029" eng="DELETE_STATUS" chn="删除状态" rmk=""/>
				<ITEM key="B040033" eng="DELETE_TIME" chn="删除时间" rmk=""/>
		</DATA>
	</DATASET>
</DATA><DATA>
	<ITEM key="I010032" val="\t" rmk="列分隔符（缺少值时默认为制表符\t）"/>
	<ITEM key="I010033" val="\r\n" rmk="行分隔符（缺少值时默认为换行符\n）"/>
	<ITEM key="A010004" val="WA_MFORENSICS_010200" rmk="数据集代码"/>
	<ITEM key="B050016" val="137" rmk="数据来源"/>
	<ITEM key="F010008" val="350000" rmk="数据采集地"/>
	<ITEM key="I010038" val="1" rmk="数据起始行，可选项，不填写默认为第１行"/>
	<ITEM key="I010039" val="UTF-8" rmk="可选项，默认为UTF-8，BCP文件编码格式（采用不带格式的编码方式，如：UTF-8无BOM）"/>
	<DATASET name="WA_COMMON_010014" rmk="BCP数据文件信息">
		<DATA>
			<ITEM key="H040003" val="" rmk="文件路径"/>
			<ITEM key="H010020" val="137-350000-1403534417-00001-WA_MFORENSICS_010200-0.bcp" rmk="文件名"/>
			<ITEM key="I010034" val="1" rmk="记录行数"/>
		</DATA>
	</DATASET>
	<DATASET name="WA_COMMON_010015" rmk="BCP文件数据结构" fieldcnt="8">
		<DATA>
				<ITEM key="I050008" eng="COLLECT_TARGET_ID" chn="手机取证采集目标编号" rmk=""/>
				<ITEM key="C010001" eng="MATERIALS_NAME" chn="设备名称" rmk=""/>
				<ITEM key="C050001" eng="IMEI_ESN_MEID" chn="IMEI/ESN/MEID" rmk=""/>
				<ITEM key="C040002" eng="MAC" chn="终端MAC地址" rmk=""/>
				<ITEM key="C040006" eng="BLUETOOTH_MAC" chn="蓝牙MAC地址" rmk=""/>
				<ITEM key="C010010" eng="MANUFACTURER" chn="厂商名称" rmk=""/>
				<ITEM key="C010003" eng="MODEL" chn="型号" rmk=""/>
				<ITEM key="C010009" eng="CHARACTERISTIC_DESC" chn="特征描述" rmk=""/>
		</DATA>
	</DATASET>
</DATA><DATA>
	<ITEM key="I010032" val="\t" rmk="列分隔符（缺少值时默认为制表符\t）"/>
	<ITEM key="I010033" val="\r\n" rmk="行分隔符（缺少值时默认为换行符\n）"/>
	<ITEM key="A010004" val="WA_MFORENSICS_030300" rmk="数据集代码"/>
	<ITEM key="B050016" val="137" rmk="数据来源"/>
	<ITEM key="F010008" val="350000" rmk="数据采集地"/>
	<ITEM key="I010038" val="1" rmk="数据起始行，可选项，不填写默认为第１行"/>
	<ITEM key="I010039" val="UTF-8" rmk="可选项，默认为UTF-8，BCP文件编码格式（采用不带格式的编码方式，如：UTF-8无BOM）"/>
	<DATASET name="WA_COMMON_010014" rmk="BCP数据文件信息">
		<DATA>
			<ITEM key="H040003" val="" rmk="文件路径"/>
			<ITEM key="H010020" val="137-350000-1403534417-00001-WA_MFORENSICS_030300-0.bcp" rmk="文件名"/>
			<ITEM key="I010034" val="499" rmk="记录行数"/>
		</DATA>
	</DATASET>
	<DATASET name="WA_COMMON_010015" rmk="BCP文件数据结构" fieldcnt="19">
		<DATA>
				<ITEM key="I050008" eng="COLLECT_TARGET_ID" chn="手机取证采集目标编号" rmk=""/>
				<ITEM key="B040006" eng="CONTACT_ACCOUNT_TYPE" chn="账号类型" rmk=""/>
				<ITEM key="B040003" eng="ACCOUNT_ID" chn="用户ID" rmk=""/>
				<ITEM key="B040002" eng="ACCOUNT" chn="账号" rmk=""/>
				<ITEM key="B060004" eng="FRIEND_ID" chn="发布者ID" rmk=""/>
				<ITEM key="B060002" eng="FRIEND_ACCOUNT" chn="发布者账号" rmk=""/>
				<ITEM key="B060005" eng="FRIEND_NICKNAME" chn="发布者昵称" rmk=""/>
				<ITEM key="H100027" eng="WEIBO_MESSAGE_TYPE" chn="消息类型" rmk=""/>
				<ITEM key="H030008" eng="MAIL_SEND_TIME" chn="时间" rmk=""/>
				<ITEM key="H100010" eng="WEIBO_TOPIC" chn="微博话题信息" rmk=""/>
				<ITEM key="H100006" eng="WEIBO_MESSAGE" chn="内容" rmk=""/>
				<ITEM key="H100047" eng="WEIBO_REPLY_COUNTER" chn="评论数" rmk=""/>
				<ITEM key="H100048" eng="WEIBO_RETWEET_COUNTER" chn="转发数" rmk=""/>
				<ITEM key="H100049" eng="WEIBO_LIKE_COUNTER" chn="点赞数" rmk=""/>
				<ITEM key="H100001" eng="MBLOG_ID" chn="博文ID" rmk=""/>
				<ITEM key="H100002" eng="RELEVANT_MBLOG_ID" chn="相关博文ID" rmk=""/>
				<ITEM key="H100050" eng="IDROOT_MBLOG_ID" chn="原始博文ID" rmk=""/>
				<ITEM key="H010029" eng="DELETE_STATUS" chn="删除状态" rmk=""/>
				<ITEM key="B040033" eng="DELETE_TIME" chn="删除时间" rmk=""/>
		</DATA>
	</DATASET>
</DATA><DATA>
	<ITEM key="I010032" val="\t" rmk="列分隔符（缺少值时默认为制表符\t）"/>
	<ITEM key="I010033" val="\r\n" rmk="行分隔符（缺少值时默认为换行符\n）"/>
	<ITEM key="A010004" val="WA_MFORENSICS_020100" rmk="数据集代码"/>
	<ITEM key="B050016" val="137" rmk="数据来源"/>
	<ITEM key="F010008" val="350000" rmk="数据采集地"/>
	<ITEM key="I010038" val="1" rmk="数据起始行，可选项，不填写默认为第１行"/>
	<ITEM key="I010039" val="UTF-8" rmk="可选项，默认为UTF-8，BCP文件编码格式（采用不带格式的编码方式，如：UTF-8无BOM）"/>
	<DATASET name="WA_COMMON_010014" rmk="BCP数据文件信息">
		<DATA>
			<ITEM key="H040003" val="" rmk="文件路径"/>
			<ITEM key="H010020" val="137-350000-1403534417-00001-WA_MFORENSICS_020100-0.bcp" rmk="文件名"/>
			<ITEM key="I010034" val="31" rmk="记录行数"/>
		</DATA>
	</DATASET>
	<DATASET name="WA_COMMON_010015" rmk="BCP文件数据结构" fieldcnt="30">
		<DATA>
				<ITEM key="I050008" eng="COLLECT_TARGET_ID" chn="手机取证采集目标编号" rmk=""/>
				<ITEM key="B040006" eng="CONTACT_ACCOUNT_TYPE" chn="账号类型" rmk=""/>
				<ITEM key="B040003" eng="ACCOUNT_ID" chn="用户ID" rmk=""/>
				<ITEM key="B040002" eng="ACCOUNT" chn="账号" rmk=""/>
				<ITEM key="B040004" eng="REGIS_NICKNAME" chn="昵称" rmk=""/>
				<ITEM key="B040005" eng="PASSWORD" chn="密码" rmk=""/>
				<ITEM key="C020018" eng="INSTALL_TIME" chn="安装日期" rmk=""/>
				<ITEM key="B030001" eng="AREA" chn="国家代号" rmk=""/>
				<ITEM key="B030002" eng="CITY_CODE" chn="行政区划" rmk=""/>
				<ITEM key="B020004" eng="FIXED_PHONE" chn="电话号码" rmk=""/>
				<ITEM key="B020005" eng="MSISDN" chn="手机号码" rmk=""/>
				<ITEM key="B040023" eng="EMAIL_ACCOUNT" chn="邮箱地址" rmk=""/>
				<ITEM key="B030004" eng="CERTIFICATE_TYPE" chn="对象证件类型" rmk=""/>
				<ITEM key="B030005" eng="CERTIFICATE_CODE" chn="对象证件号码" rmk=""/>
				<ITEM key="B010011" eng="SEXCODE" chn="性别" rmk=""/>
				<ITEM key="B010015" eng="AGE" chn="年龄" rmk=""/>
				<ITEM key="B020008" eng="POSTAL_ADDRESS" chn="联系地址" rmk=""/>
				<ITEM key="B020009" eng="POSTAL_CODE" chn="邮政编码" rmk=""/>
				<ITEM key="B030024" eng="OCCUPATION_NAME" chn="职业名称" rmk=""/>
				<ITEM key="B010016" eng="BLOOD_TYPE" chn="血型" rmk=""/>
				<ITEM key="B010001" eng="NAME" chn="真实名" rmk=""/>
				<ITEM key="B040029" eng="SIGN_NAME" chn="个性签名" rmk=""/>
				<ITEM key="B040030" eng="PERSONAL_DESC" chn="个人说明" rmk=""/>
				<ITEM key="B040031" eng="REG_CITY" chn="城市" rmk=""/>
				<ITEM key="B030018" eng="GRADUATESCHOOL" chn="毕业院校" rmk=""/>
				<ITEM key="B040034" eng="ZODIAC" chn="生肖" rmk=""/>
				<ITEM key="B040035" eng="CONSTALLATION" chn="星座" rmk=""/>
				<ITEM key="B010014" eng="BIRTHDAY" chn="出生年月" rmk=""/>
				<ITEM key="H010029" eng="DELETE_STATUS" chn="删除状态" rmk=""/>
				<ITEM key="B040033" eng="DELETE_TIME" chn="删除时间" rmk=""/>
		</DATA>
	</DATASET>
</DATA><DATA>
	<ITEM key="I010032" val="\t" rmk="列分隔符（缺少值时默认为制表符\t）"/>
	<ITEM key="I010033" val="\r\n" rmk="行分隔符（缺少值时默认为换行符\n）"/>
	<ITEM key="A010004" val="WA_MFORENSICS_060400" rmk="数据集代码"/>
	<ITEM key="B050016" val="137" rmk="数据来源"/>
	<ITEM key="F010008" val="350000" rmk="数据采集地"/>
	<ITEM key="I010038" val="1" rmk="数据起始行，可选项，不填写默认为第１行"/>
	<ITEM key="I010039" val="UTF-8" rmk="可选项，默认为UTF-8，BCP文件编码格式（采用不带格式的编码方式，如：UTF-8无BOM）"/>
	<DATASET name="WA_COMMON_010014" rmk="BCP数据文件信息">
		<DATA>
			<ITEM key="H040003" val="" rmk="文件路径"/>
			<ITEM key="H010020" val="137-350000-1403534417-00001-WA_MFORENSICS_060400-0.bcp" rmk="文件名"/>
			<ITEM key="I010034" val="4" rmk="记录行数"/>
		</DATA>
	</DATASET>
	<DATASET name="WA_COMMON_010015" rmk="BCP文件数据结构" fieldcnt="8">
		<DATA>
				<ITEM key="I050008" eng="COLLECT_TARGET_ID" chn="手机取证采集目标编号" rmk=""/>
				<ITEM key="C020006" eng="BROWSE_TYPE" chn="软件名称" rmk=""/>
				<ITEM key="B040003" eng="ACCOUNT_ID" chn="用户ID" rmk=""/>
				<ITEM key="B040002" eng="ACCOUNT" chn="账号" rmk=""/>
				<ITEM key="C110004" eng="CREATE_TIME" chn="时间" rmk=""/>
				<ITEM key="H020005" eng="KEYWORD" chn="关键词" rmk=""/>
				<ITEM key="H010029" eng="DELETE_STATUS" chn="删除状态" rmk=""/>
				<ITEM key="B040033" eng="DELETE_TIME" chn="删除时间" rmk=""/>
		</DATA>
	</DATASET>
</DATA><DATA>
	<ITEM key="I010032" val="\t" rmk="列分隔符（缺少值时默认为制表符\t）"/>
	<ITEM key="I010033" val="\r\n" rmk="行分隔符（缺少值时默认为换行符\n）"/>
	<ITEM key="A010004" val="WA_MFORENSICS_020400" rmk="数据集代码"/>
	<ITEM key="B050016" val="137" rmk="数据来源"/>
	<ITEM key="F010008" val="350000" rmk="数据采集地"/>
	<ITEM key="I010038" val="1" rmk="数据起始行，可选项，不填写默认为第１行"/>
	<ITEM key="I010039" val="UTF-8" rmk="可选项，默认为UTF-8，BCP文件编码格式（采用不带格式的编码方式，如：UTF-8无BOM）"/>
	<DATASET name="WA_COMMON_010014" rmk="BCP数据文件信息">
		<DATA>
			<ITEM key="H040003" val="" rmk="文件路径"/>
			<ITEM key="H010020" val="137-350000-1403534417-00001-WA_MFORENSICS_020400-0.bcp" rmk="文件名"/>
			<ITEM key="I010034" val="235" rmk="记录行数"/>
		</DATA>
	</DATASET>
	<DATASET name="WA_COMMON_010015" rmk="BCP文件数据结构" fieldcnt="33">
		<DATA>
				<ITEM key="I050008" eng="COLLECT_TARGET_ID" chn="手机取证采集目标编号" rmk=""/>
				<ITEM key="B040006" eng="CONTACT_ACCOUNT_TYPE" chn="账号类型" rmk=""/>
				<ITEM key="B040003" eng="ACCOUNT_ID" chn="用户ID" rmk=""/>
				<ITEM key="B040002" eng="ACCOUNT" chn="账号" rmk=""/>
				<ITEM key="B040017" eng="GROUP_NUM" chn="群组ID" rmk=""/>
				<ITEM key="B040024" eng="GROUP_NAME" chn="群组名称" rmk=""/>
				<ITEM key="B060004" eng="FRIEND_ID" chn="群成员ID" rmk=""/>
				<ITEM key="B060002" eng="FRIEND_ACCOUNT" chn="群成员账号" rmk=""/>
				<ITEM key="B060005" eng="FRIEND_NICKNAME" chn="群成员昵称" rmk=""/>
				<ITEM key="B060003" eng="FRIEND_REMARK" chn="群成员备注" rmk=""/>
				<ITEM key="B030001" eng="AREA" chn="国家代号" rmk=""/>
				<ITEM key="B030002" eng="CITY_CODE" chn="行政区划" rmk=""/>
				<ITEM key="B020004" eng="FIXED_PHONE" chn="电话号码" rmk=""/>
				<ITEM key="B020005" eng="MSISDN" chn="手机号码" rmk=""/>
				<ITEM key="B040023" eng="EMAIL_ACCOUNT" chn="邮箱地址" rmk=""/>
				<ITEM key="B030004" eng="CERTIFICATE_TYPE" chn="对象证件类型" rmk=""/>
				<ITEM key="B030005" eng="CERTIFICATE_CODE" chn="对象证件号码" rmk=""/>
				<ITEM key="B010011" eng="SEXCODE" chn="性别" rmk=""/>
				<ITEM key="B010015" eng="AGE" chn="年龄" rmk=""/>
				<ITEM key="B020008" eng="POSTAL_ADDRESS" chn="联系地址" rmk=""/>
				<ITEM key="B020009" eng="POSTAL_CODE" chn="邮政编码" rmk=""/>
				<ITEM key="B030024" eng="OCCUPATION_NAME" chn="职业名称" rmk=""/>
				<ITEM key="B010016" eng="BLOOD_TYPE" chn="血型" rmk=""/>
				<ITEM key="B010001" eng="NAME" chn="真实名" rmk=""/>
				<ITEM key="B040029" eng="SIGN_NAME" chn="个性签名" rmk=""/>
				<ITEM key="B040030" eng="PERSONAL_DESC" chn="个人说明" rmk=""/>
				<ITEM key="B040031" eng="REG_CITY" chn="城市" rmk=""/>
				<ITEM key="B030018" eng="GRADUATESCHOOL" chn="毕业院校" rmk=""/>
				<ITEM key="B040034" eng="ZODIAC" chn="生肖" rmk=""/>
				<ITEM key="B040035" eng="CONSTALLATION" chn="星座" rmk=""/>
				<ITEM key="B010014" eng="BIRTHDAY" chn="出生年月" rmk=""/>
				<ITEM key="H010029" eng="DELETE_STATUS" chn="删除状态" rmk=""/>
				<ITEM key="B040033" eng="DELETE_TIME" chn="删除时间" rmk=""/>
		</DATA>
	</DATASET>
</DATA><DATA>
	<ITEM key="I010032" val="\t" rmk="列分隔符（缺少值时默认为制表符\t）"/>
	<ITEM key="I010033" val="\r\n" rmk="行分隔符（缺少值时默认为换行符\n）"/>
	<ITEM key="A010004" val="WA_MFORENSICS_010700" rmk="数据集代码"/>
	<ITEM key="B050016" val="137" rmk="数据来源"/>
	<ITEM key="F010008" val="350000" rmk="数据采集地"/>
	<ITEM key="I010038" val="1" rmk="数据起始行，可选项，不填写默认为第１行"/>
	<ITEM key="I010039" val="UTF-8" rmk="可选项，默认为UTF-8，BCP文件编码格式（采用不带格式的编码方式，如：UTF-8无BOM）"/>
	<DATASET name="WA_COMMON_010014" rmk="BCP数据文件信息">
		<DATA>
			<ITEM key="H040003" val="" rmk="文件路径"/>
			<ITEM key="H010020" val="137-350000-1403534417-00001-WA_MFORENSICS_010700-0.bcp" rmk="文件名"/>
			<ITEM key="I010034" val="308" rmk="记录行数"/>
		</DATA>
	</DATASET>
	<DATASET name="WA_COMMON_010015" rmk="BCP文件数据结构" fieldcnt="12">
		<DATA>
				<ITEM key="I050008" eng="COLLECT_TARGET_ID" chn="手机取证采集目标编号" rmk=""/>
				<ITEM key="B020005" eng="MSISDN" chn="本机号码" rmk=""/>
				<ITEM key="B070003" eng="RELATIONSHIP_ACCOUNT" chn="对方号码" rmk=""/>
				<ITEM key="B070002" eng="RELATIONSHIP_NAME" chn="联系人姓名" rmk=""/>
				<ITEM key="H040002" eng="LOCAL_ACTION" chn="本地动作" rmk=""/>
				<ITEM key="H030008" eng="MAIL_SEND_TIME" chn="发送时间" rmk=""/>
				<ITEM key="H040001" eng="CONTENT" chn="短消息内容" rmk=""/>
				<ITEM key="H030009" eng="MAIL_VIEW_STATUS" chn="查看状态" rmk=""/>
				<ITEM key="H030010" eng="MAIL_SAVE_FOLDER" chn="存储位置" rmk=""/>
				<ITEM key="H100034" eng="PRIVACYCONFIG" chn="加密状态" rmk=""/>
				<ITEM key="H010029" eng="DELETE_STATUS" chn="删除状态" rmk=""/>
				<ITEM key="B040033" eng="DELETE_TIME" chn="删除时间" rmk=""/>
		</DATA>
	</DATASET>
</DATA><DATA>
	<ITEM key="I010032" val="\t" rmk="列分隔符（缺少值时默认为制表符\t）"/>
	<ITEM key="I010033" val="\r\n" rmk="行分隔符（缺少值时默认为换行符\n）"/>
	<ITEM key="A010004" val="WA_MFORENSICS_010300" rmk="数据集代码"/>
	<ITEM key="B050016" val="137" rmk="数据来源"/>
	<ITEM key="F010008" val="350000" rmk="数据采集地"/>
	<ITEM key="I010038" val="1" rmk="数据起始行，可选项，不填写默认为第１行"/>
	<ITEM key="I010039" val="UTF-8" rmk="可选项，默认为UTF-8，BCP文件编码格式（采用不带格式的编码方式，如：UTF-8无BOM）"/>
	<DATASET name="WA_COMMON_010014" rmk="BCP数据文件信息">
		<DATA>
			<ITEM key="H040003" val="" rmk="文件路径"/>
			<ITEM key="H010020" val="137-350000-1403534417-00001-WA_MFORENSICS_010300-0.bcp" rmk="文件名"/>
			<ITEM key="I010034" val="1" rmk="记录行数"/>
		</DATA>
	</DATASET>
	<DATASET name="WA_COMMON_010015" rmk="BCP文件数据结构" fieldcnt="6">
		<DATA>
				<ITEM key="I050008" eng="COLLECT_TARGET_ID" chn="手机取证采集目标编号" rmk=""/>
				<ITEM key="B020005" eng="MSISDN" chn="本机号码" rmk=""/>
				<ITEM key="B020007" eng="IMSI" chn="SIM卡IMSI" rmk=""/>
				<ITEM key="B020020" eng="CENTER_NUMBER" chn="短信中心号码" rmk=""/>
				<ITEM key="H010029" eng="DELETE_STATUS" chn="删除状态" rmk=""/>
				<ITEM key="B040033" eng="DELETE_TIME" chn="删除时间" rmk=""/>
		</DATA>
	</DATASET>
</DATA><DATA>
	<ITEM key="I010032" val="\t" rmk="列分隔符（缺少值时默认为制表符\t）"/>
	<ITEM key="I010033" val="\r\n" rmk="行分隔符（缺少值时默认为换行符\n）"/>
	<ITEM key="A010004" val="WA_MFORENSICS_010800" rmk="数据集代码"/>
	<ITEM key="B050016" val="137" rmk="数据来源"/>
	<ITEM key="F010008" val="350000" rmk="数据采集地"/>
	<ITEM key="I010038" val="1" rmk="数据起始行，可选项，不填写默认为第１行"/>
	<ITEM key="I010039" val="UTF-8" rmk="可选项，默认为UTF-8，BCP文件编码格式（采用不带格式的编码方式，如：UTF-8无BOM）"/>
	<DATASET name="WA_COMMON_010014" rmk="BCP数据文件信息">
		<DATA>
			<ITEM key="H040003" val="" rmk="文件路径"/>
			<ITEM key="H010020" val="137-350000-1403534417-00001-WA_MFORENSICS_010800-0.bcp" rmk="文件名"/>
			<ITEM key="I010034" val="4" rmk="记录行数"/>
		</DATA>
	</DATASET>
	<DATASET name="WA_COMMON_010015" rmk="BCP文件数据结构" fieldcnt="13">
		<DATA>
				<ITEM key="I050008" eng="COLLECT_TARGET_ID" chn="手机取证采集目标编号" rmk=""/>
				<ITEM key="B020005" eng="MSISDN" chn="本机号码" rmk=""/>
				<ITEM key="B070003" eng="RELATIONSHIP_ACCOUNT" chn="对方号码" rmk=""/>
				<ITEM key="B070002" eng="RELATIONSHIP_NAME" chn="联系人姓名" rmk=""/>
				<ITEM key="H040002" eng="LOCAL_ACTION" chn="本地动作" rmk=""/>
				<ITEM key="H030008" eng="MAIL_SEND_TIME" chn="发送时间" rmk=""/>
				<ITEM key="H040001" eng="CONTENT" chn="彩信文本" rmk=""/>
				<ITEM key="H010019" eng="MAINFILE" chn="彩信文件" rmk=""/>
				<ITEM key="H030009" eng="MAIL_VIEW_STATUS" chn="查看状态" rmk=""/>
				<ITEM key="H030010" eng="MAIL_SAVE_FOLDER" chn="存储位置" rmk=""/>
				<ITEM key="H100034" eng="PRIVACYCONFIG" chn="加密状态" rmk=""/>
				<ITEM key="H010029" eng="DELETE_STATUS" chn="删除状态" rmk=""/>
				<ITEM key="B040033" eng="DELETE_TIME" chn="删除时间" rmk=""/>
		</DATA>
	</DATASET>
</DATA><DATA>
	<ITEM key="I010032" val="\t" rmk="列分隔符（缺少值时默认为制表符\t）"/>
	<ITEM key="I010033" val="\r\n" rmk="行分隔符（缺少值时默认为换行符\n）"/>
	<ITEM key="A010004" val="WA_MFORENSICS_050300" rmk="数据集代码"/>
	<ITEM key="B050016" val="137" rmk="数据来源"/>
	<ITEM key="F010008" val="350000" rmk="数据采集地"/>
	<ITEM key="I010038" val="1" rmk="数据起始行，可选项，不填写默认为第１行"/>
	<ITEM key="I010039" val="UTF-8" rmk="可选项，默认为UTF-8，BCP文件编码格式（采用不带格式的编码方式，如：UTF-8无BOM）"/>
	<DATASET name="WA_COMMON_010014" rmk="BCP数据文件信息">
		<DATA>
			<ITEM key="H040003" val="" rmk="文件路径"/>
			<ITEM key="H010020" val="137-350000-1403534417-00001-WA_MFORENSICS_050300-0.bcp" rmk="文件名"/>
			<ITEM key="I010034" val="279" rmk="记录行数"/>
		</DATA>
	</DATASET>
	<DATASET name="WA_COMMON_010015" rmk="BCP文件数据结构" fieldcnt="8">
		<DATA>
				<ITEM key="I050008" eng="COLLECT_TARGET_ID" chn="手机取证采集目标编号" rmk=""/>
				<ITEM key="C020006" eng="BROWSE_TYPE" chn="浏览器类型" rmk=""/>
				<ITEM key="H020002" eng="WEB_TITLE" chn="网页标题" rmk=""/>
				<ITEM key="G010002" eng="URL" chn="URL地址" rmk=""/>
				<ITEM key="C110004" eng="VISIT_TIME" chn="访问时间" rmk=""/>
				<ITEM key="C110003" eng="VISITS" chn="访问次数" rmk=""/>
				<ITEM key="H010029" eng="DELETE_STATUS" chn="删除状态" rmk=""/>
				<ITEM key="B040033" eng="DELETE_TIME" chn="删除时间" rmk=""/>
		</DATA>
	</DATASET>
</DATA><DATA>
	<ITEM key="I010032" val="\t" rmk="列分隔符（缺少值时默认为制表符\t）"/>
	<ITEM key="I010033" val="\r\n" rmk="行分隔符（缺少值时默认为换行符\n）"/>
	<ITEM key="A010004" val="WA_MFORENSICS_010500" rmk="数据集代码"/>
	<ITEM key="B050016" val="137" rmk="数据来源"/>
	<ITEM key="F010008" val="350000" rmk="数据采集地"/>
	<ITEM key="I010038" val="1" rmk="数据起始行，可选项，不填写默认为第１行"/>
	<ITEM key="I010039" val="UTF-8" rmk="可选项，默认为UTF-8，BCP文件编码格式（采用不带格式的编码方式，如：UTF-8无BOM）"/>
	<DATASET name="WA_COMMON_010014" rmk="BCP数据文件信息">
		<DATA>
			<ITEM key="H040003" val="" rmk="文件路径"/>
			<ITEM key="H010020" val="137-350000-1403534417-00001-WA_MFORENSICS_010500-0.bcp" rmk="文件名"/>
			<ITEM key="I010034" val="2,186" rmk="记录行数"/>
		</DATA>
	</DATASET>
	<DATASET name="WA_COMMON_010015" rmk="BCP文件数据结构" fieldcnt="7">
		<DATA>
				<ITEM key="I050008" eng="COLLECT_TARGET_ID" chn="手机取证采集目标编号" rmk=""/>
				<ITEM key="J020011" eng="SEQUENCE_NAME" chn="通讯录ID" rmk=""/>
				<ITEM key="I010051" eng="PHONE_VALUE_TYPE" chn="通讯录字段类型" rmk=""/>
				<ITEM key="B020017" eng="PHONE_NUMBER_TYPE" chn="字段标签" rmk=""/>
				<ITEM key="B070003" eng="RELATIONSHIP_ACCOUNT" chn="字段值" rmk=""/>
				<ITEM key="H010029" eng="DELETE_STATUS" chn="删除状态" rmk=""/>
				<ITEM key="B040033" eng="DELETE_TIME" chn="删除时间" rmk=""/>
		</DATA>
	</DATASET>
</DATA><DATA>
	<ITEM key="I010032" val="\t" rmk="列分隔符（缺少值时默认为制表符\t）"/>
	<ITEM key="I010033" val="\r\n" rmk="行分隔符（缺少值时默认为换行符\n）"/>
	<ITEM key="A010004" val="WA_MFORENSICS_070500" rmk="数据集代码"/>
	<ITEM key="B050016" val="137" rmk="数据来源"/>
	<ITEM key="F010008" val="350000" rmk="数据采集地"/>
	<ITEM key="I010038" val="1" rmk="数据起始行，可选项，不填写默认为第１行"/>
	<ITEM key="I010039" val="UTF-8" rmk="可选项，默认为UTF-8，BCP文件编码格式（采用不带格式的编码方式，如：UTF-8无BOM）"/>
	<DATASET name="WA_COMMON_010014" rmk="BCP数据文件信息">
		<DATA>
			<ITEM key="H040003" val="" rmk="文件路径"/>
			<ITEM key="H010020" val="137-350000-1403534417-00001-WA_MFORENSICS_070500-0.bcp" rmk="文件名"/>
			<ITEM key="I010034" val="3" rmk="记录行数"/>
		</DATA>
	</DATASET>
	<DATASET name="WA_COMMON_010015" rmk="BCP文件数据结构" fieldcnt="8">
		<DATA>
				<ITEM key="I050008" eng="COLLECT_TARGET_ID" chn="手机取证采集目标编号" rmk=""/>
				<ITEM key="G020031" eng="NETWORK_APP" chn="软件类型" rmk=""/>
				<ITEM key="B040003" eng="ACCOUNT_ID" chn="用户ID" rmk=""/>
				<ITEM key="B040002" eng="ACCOUNT" chn="账号" rmk=""/>
				<ITEM key="C110004" eng="CREATE_TIME" chn="时间" rmk=""/>
				<ITEM key="H020005" eng="KEYWORD" chn="关键词" rmk=""/>
				<ITEM key="H010029" eng="DELETE_STATUS" chn="删除状态" rmk=""/>
				<ITEM key="B040033" eng="DELETE_TIME" chn="删除时间" rmk=""/>
		</DATA>
	</DATASET>
</DATA><DATA>
	<ITEM key="I010032" val="\t" rmk="列分隔符（缺少值时默认为制表符\t）"/>
	<ITEM key="I010033" val="\r\n" rmk="行分隔符（缺少值时默认为换行符\n）"/>
	<ITEM key="A010004" val="WA_MFORENSICS_020700" rmk="数据集代码"/>
	<ITEM key="B050016" val="137" rmk="数据来源"/>
	<ITEM key="F010008" val="350000" rmk="数据采集地"/>
	<ITEM key="I010038" val="1" rmk="数据起始行，可选项，不填写默认为第１行"/>
	<ITEM key="I010039" val="UTF-8" rmk="可选项，默认为UTF-8，BCP文件编码格式（采用不带格式的编码方式，如：UTF-8无BOM）"/>
	<DATASET name="WA_COMMON_010014" rmk="BCP数据文件信息">
		<DATA>
			<ITEM key="H040003" val="" rmk="文件路径"/>
			<ITEM key="H010020" val="137-350000-1403534417-00001-WA_MFORENSICS_020700-0.bcp" rmk="文件名"/>
			<ITEM key="I010034" val="204" rmk="记录行数"/>
		</DATA>
	</DATASET>
	<DATASET name="WA_COMMON_010015" rmk="BCP文件数据结构" fieldcnt="19">
		<DATA>
				<ITEM key="I050008" eng="COLLECT_TARGET_ID" chn="手机取证采集目标编号" rmk=""/>
				<ITEM key="B040006" eng="CONTACT_ACCOUNT_TYPE" chn="账号类型" rmk=""/>
				<ITEM key="B040003" eng="ACCOUNT_ID" chn="用户ID" rmk=""/>
				<ITEM key="B040002" eng="ACCOUNT" chn="账号" rmk=""/>
				<ITEM key="B060004" eng="FRIEND_ID" chn="发布者ID" rmk=""/>
				<ITEM key="B060002" eng="FRIEND_ACCOUNT" chn="发布者账号" rmk=""/>
				<ITEM key="B060005" eng="FRIEND_NICKNAME" chn="发布者昵称" rmk=""/>
				<ITEM key="H100027" eng="WEIBO_MESSAGE_TYPE" chn="消息类型" rmk=""/>
				<ITEM key="H030008" eng="MAIL_SEND_TIME" chn="时间" rmk=""/>
				<ITEM key="H100006" eng="WEIBO_MESSAGE" chn="内容" rmk=""/>
				<ITEM key="H100047" eng="WEIBO_REPLY_COUNTER" chn="评论数" rmk=""/>
				<ITEM key="H100048" eng="WEIBO_RETWEET_COUNTER" chn="转发数" rmk=""/>
				<ITEM key="H100049" eng="WEIBO_LIKE_COUNTER" chn="点赞数" rmk=""/>
				<ITEM key="H100001" eng="MBLOG_ID" chn="动态消息ID" rmk=""/>
				<ITEM key="H100002" eng="RELEVANT_MBLOG_ID" chn="相关动态消息ID" rmk=""/>
				<ITEM key="H100050" eng="IDROOT_MBLOG_ID" chn="原始动态消息ID" rmk=""/>
				<ITEM key="B040017" eng="GROUP_NUM" chn="群组ID" rmk=""/>
				<ITEM key="H010029" eng="DELETE_STATUS" chn="删除状态" rmk=""/>
				<ITEM key="B040033" eng="DELETE_TIME" chn="删除时间" rmk=""/>
		</DATA>
	</DATASET>
</DATA><DATA>
	<ITEM key="I010032" val="\t" rmk="列分隔符（缺少值时默认为制表符\t）"/>
	<ITEM key="I010033" val="\r\n" rmk="行分隔符（缺少值时默认为换行符\n）"/>
	<ITEM key="A010004" val="WA_MFORENSICS_060300" rmk="数据集代码"/>
	<ITEM key="B050016" val="137" rmk="数据来源"/>
	<ITEM key="F010008" val="350000" rmk="数据采集地"/>
	<ITEM key="I010038" val="1" rmk="数据起始行，可选项，不填写默认为第１行"/>
	<ITEM key="I010039" val="UTF-8" rmk="可选项，默认为UTF-8，BCP文件编码格式（采用不带格式的编码方式，如：UTF-8无BOM）"/>
	<DATASET name="WA_COMMON_010014" rmk="BCP数据文件信息">
		<DATA>
			<ITEM key="H040003" val="" rmk="文件路径"/>
			<ITEM key="H010020" val="137-350000-1403534417-00001-WA_MFORENSICS_060300-0.bcp" rmk="文件名"/>
			<ITEM key="I010034" val="39" rmk="记录行数"/>
		</DATA>
	</DATASET>
	<DATASET name="WA_COMMON_010015" rmk="BCP文件数据结构" fieldcnt="25">
		<DATA>
				<ITEM key="I050008" eng="COLLECT_TARGET_ID" chn="手机取证采集目标编号" rmk=""/>
				<ITEM key="C020006" eng="BROWSE_TYPE" chn="软件名称" rmk=""/>
				<ITEM key="B040003" eng="ACCOUNT_ID" chn="用户ID" rmk=""/>
				<ITEM key="B040002" eng="ACCOUNT" chn="账号" rmk=""/>
				<ITEM key="H010015" eng="START_TIME" chn="出发时间" rmk=""/>
				<ITEM key="F010003" eng="DEPART" chn="出发地名称" rmk=""/>
				<ITEM key="F010014" eng="DEPART_ADDRESS" chn="出发地详细地址" rmk=""/>
				<ITEM key="F010010" eng="START_LONGITUDE" chn="出发地经度" rmk=""/>
				<ITEM key="F010011" eng="START_LATITUDE" chn="出发地纬度" rmk=""/>
				<ITEM key="F040009" eng="START_ABOVE_SEALEVEL" chn="出发地海拔" rmk=""/>
				<ITEM key="H010016" eng="END_TIME" chn="到达时间" rmk=""/>
				<ITEM key="F010004" eng="DESTINATION" chn="目的地名称" rmk=""/>
				<ITEM key="F010015" eng="DESTINATION_ADDRESS" chn="目的地详细地址" rmk=""/>
				<ITEM key="F010012" eng="DESTINATION_LONGITUDE" chn="目的地经度" rmk=""/>
				<ITEM key="F010013" eng="DESTINATION_LATITUDE" chn="目的地纬度" rmk=""/>
				<ITEM key="F040010" eng="DESTINATION_ABOVE_SEALEVEL" chn="目的地海拔" rmk=""/>
				<ITEM key="H090002" eng="FLIGHTID" chn="航班号或车次号" rmk=""/>
				<ITEM key="C010007" eng="PURCHASE_PRICE" chn="价格" rmk=""/>
				<ITEM key="E010002" eng="AIRCOM" chn="运输公司" rmk=""/>
				<ITEM key="H090001" eng="ORDER_NUM" chn="票号" rmk=""/>
				<ITEM key="H150003" eng="TICKET_STATUS" chn="票物使用状态" rmk=""/>
				<ITEM key="H090004" eng="ORDER_TIME" chn="创建时间" rmk=""/>
				<ITEM key="I010005" eng="LATEST_MOD_TIME" chn="更改时间" rmk=""/>
				<ITEM key="H010029" eng="DELETE_STATUS" chn="删除状态" rmk=""/>
				<ITEM key="B040033" eng="DELETE_TIME" chn="删除时间" rmk=""/>
		</DATA>
	</DATASET>
</DATA><DATA>
	<ITEM key="I010032" val="\t" rmk="列分隔符（缺少值时默认为制表符\t）"/>
	<ITEM key="I010033" val="\r\n" rmk="行分隔符（缺少值时默认为换行符\n）"/>
	<ITEM key="A010004" val="WA_MFORENSICS_030100" rmk="数据集代码"/>
	<ITEM key="B050016" val="137" rmk="数据来源"/>
	<ITEM key="F010008" val="350000" rmk="数据采集地"/>
	<ITEM key="I010038" val="1" rmk="数据起始行，可选项，不填写默认为第１行"/>
	<ITEM key="I010039" val="UTF-8" rmk="可选项，默认为UTF-8，BCP文件编码格式（采用不带格式的编码方式，如：UTF-8无BOM）"/>
	<DATASET name="WA_COMMON_010014" rmk="BCP数据文件信息">
		<DATA>
			<ITEM key="H040003" val="" rmk="文件路径"/>
			<ITEM key="H010020" val="137-350000-1403534417-00001-WA_MFORENSICS_030100-0.bcp" rmk="文件名"/>
			<ITEM key="I010034" val="4" rmk="记录行数"/>
		</DATA>
	</DATASET>
	<DATASET name="WA_COMMON_010015" rmk="BCP文件数据结构" fieldcnt="34">
		<DATA>
				<ITEM key="I050008" eng="COLLECT_TARGET_ID" chn="手机取证采集目标编号" rmk=""/>
				<ITEM key="B040006" eng="CONTACT_ACCOUNT_TYPE" chn="账号类型" rmk=""/>
				<ITEM key="B040003" eng="ACCOUNT_ID" chn="用户ID" rmk=""/>
				<ITEM key="B040002" eng="ACCOUNT" chn="账号" rmk=""/>
				<ITEM key="B040004" eng="REGIS_NICKNAME" chn="用户昵称" rmk=""/>
				<ITEM key="B040005" eng="PASSWORD" chn="密码" rmk=""/>
				<ITEM key="H100051" eng="FANS_COUNTER" chn="粉丝数量" rmk=""/>
				<ITEM key="H100052" eng="FOLLOW_COUNTER" chn="关注数量" rmk=""/>
				<ITEM key="H100053" eng="MESSAGE_COUNTER" chn="博文数量" rmk=""/>
				<ITEM key="H100054" eng="PREVACY_MESSAGE_COUNTER" chn="私信数量" rmk=""/>
				<ITEM key="C020018" eng="INSTALL_TIME" chn="安装日期" rmk=""/>
				<ITEM key="B030001" eng="AREA" chn="国家代号" rmk=""/>
				<ITEM key="B030002" eng="CITY_CODE" chn="行政区划" rmk=""/>
				<ITEM key="B020004" eng="FIXED_PHONE" chn="电话号码" rmk=""/>
				<ITEM key="B020005" eng="MSISDN" chn="手机号码" rmk=""/>
				<ITEM key="B040023" eng="EMAIL_ACCOUNT" chn="邮箱地址" rmk=""/>
				<ITEM key="B030004" eng="CERTIFICATE_TYPE" chn="对象证件类型" rmk=""/>
				<ITEM key="B030005" eng="CERTIFICATE_CODE" chn="对象证件号码" rmk=""/>
				<ITEM key="B010011" eng="SEXCODE" chn="性别" rmk=""/>
				<ITEM key="B010015" eng="AGE" chn="年龄" rmk=""/>
				<ITEM key="B020008" eng="POSTAL_ADDRESS" chn="联系地址" rmk=""/>
				<ITEM key="B020009" eng="POSTAL_CODE" chn="邮政编码" rmk=""/>
				<ITEM key="B030024" eng="OCCUPATION_NAME" chn="职业名称" rmk=""/>
				<ITEM key="B010016" eng="BLOOD_TYPE" chn="血型" rmk=""/>
				<ITEM key="B010001" eng="NAME" chn="真实名" rmk=""/>
				<ITEM key="B040029" eng="SIGN_NAME" chn="个性签名" rmk=""/>
				<ITEM key="B040030" eng="PERSONAL_DESC" chn="个人说明" rmk=""/>
				<ITEM key="B040031" eng="REG_CITY" chn="城市" rmk=""/>
				<ITEM key="B030018" eng="GRADUATESCHOOL" chn="毕业院校" rmk=""/>
				<ITEM key="B040034" eng="ZODIAC" chn="生肖" rmk=""/>
				<ITEM key="B040035" eng="CONSTALLATION" chn="星座" rmk=""/>
				<ITEM key="B010014" eng="BIRTHDAY" chn="出生年月" rmk=""/>
				<ITEM key="H010029" eng="DELETE_STATUS" chn="删除状态" rmk=""/>
				<ITEM key="B040033" eng="DELETE_TIME" chn="删除时间" rmk=""/>
		</DATA>
	</DATASET>
</DATA><DATA>
	<ITEM key="I010032" val="\t" rmk="列分隔符（缺少值时默认为制表符\t）"/>
	<ITEM key="I010033" val="\r\n" rmk="行分隔符（缺少值时默认为换行符\n）"/>
	<ITEM key="A010004" val="WA_MFORENSICS_010100" rmk="数据集代码"/>
	<ITEM key="B050016" val="137" rmk="数据来源"/>
	<ITEM key="F010008" val="350000" rmk="数据采集地"/>
	<ITEM key="I010038" val="1" rmk="数据起始行，可选项，不填写默认为第１行"/>
	<ITEM key="I010039" val="UTF-8" rmk="可选项，默认为UTF-8，BCP文件编码格式（采用不带格式的编码方式，如：UTF-8无BOM）"/>
	<DATASET name="WA_COMMON_010014" rmk="BCP数据文件信息">
		<DATA>
			<ITEM key="H040003" val="" rmk="文件路径"/>
			<ITEM key="H010020" val="137-350000-1403534417-00001-WA_MFORENSICS_010100-0.bcp" rmk="文件名"/>
			<ITEM key="I010034" val="1" rmk="记录行数"/>
		</DATA>
	</DATASET>
	<DATASET name="WA_COMMON_010015" rmk="BCP文件数据结构" fieldcnt="13">
		<DATA>
				<ITEM key="I050008" eng="COLLECT_TARGET_ID" chn="手机取证采集目标编号" rmk=""/>
				<ITEM key="C010010" eng="MANUFACTURER" chn="厂商名称" rmk=""/>
				<ITEM key="G020013" eng="SECURITY_SOFTWARE_ORGCODE" chn="厂商组织机构代码" rmk=""/>
				<ITEM key="B010001" eng="NAME" chn="对象姓名" rmk=""/>
				<ITEM key="B030004" eng="CERTIFICATE_TYPE" chn="对象证件类型" rmk=""/>
				<ITEM key="B030005" eng="CERTIFICATE_CODE" chn="对象证件号码" rmk=""/>
				<ITEM key="H010014" eng="CAPTURE_TIME" chn="采集时间" rmk=""/>
				<ITEM key="E020012" eng="PRINCIPAL_NAME" chn="采集人姓名" rmk=""/>
				<ITEM key="B010028" eng="POLICE_NO" chn="负责人证件号码" rmk=""/>
				<ITEM key="G020032" eng="INCHARGE_WA_DEPARTMENT" chn="管辖地网安部门" rmk=""/>
				<ITEM key="I050001" eng="CASE_NO" chn="案件编号" rmk=""/>
				<ITEM key="I050003" eng="CASE_TYPE" chn="案件类型" rmk=""/>
				<ITEM key="I050002" eng="CASE_NAME" chn="案件名称" rmk=""/>
		</DATA>
	</DATASET>
</DATA><DATA>
	<ITEM key="I010032" val="\t" rmk="列分隔符（缺少值时默认为制表符\t）"/>
	<ITEM key="I010033" val="\r\n" rmk="行分隔符（缺少值时默认为换行符\n）"/>
	<ITEM key="A010004" val="WA_MFORENSICS_020300" rmk="数据集代码"/>
	<ITEM key="B050016" val="137" rmk="数据来源"/>
	<ITEM key="F010008" val="350000" rmk="数据采集地"/>
	<ITEM key="I010038" val="1" rmk="数据起始行，可选项，不填写默认为第１行"/>
	<ITEM key="I010039" val="UTF-8" rmk="可选项，默认为UTF-8，BCP文件编码格式（采用不带格式的编码方式，如：UTF-8无BOM）"/>
	<DATASET name="WA_COMMON_010014" rmk="BCP数据文件信息">
		<DATA>
			<ITEM key="H040003" val="" rmk="文件路径"/>
			<ITEM key="H010020" val="137-350000-1403534417-00001-WA_MFORENSICS_020300-0.bcp" rmk="文件名"/>
			<ITEM key="I010034" val="131" rmk="记录行数"/>
		</DATA>
	</DATASET>
	<DATASET name="WA_COMMON_010015" rmk="BCP文件数据结构" fieldcnt="15">
		<DATA>
				<ITEM key="I050008" eng="COLLECT_TARGET_ID" chn="手机取证采集目标编号" rmk=""/>
				<ITEM key="B040006" eng="CONTACT_ACCOUNT_TYPE" chn="账号类型" rmk=""/>
				<ITEM key="B040003" eng="ACCOUNT_ID" chn="用户ID" rmk=""/>
				<ITEM key="B040002" eng="ACCOUNT" chn="账号" rmk=""/>
				<ITEM key="B040017" eng="GROUP_NUM" chn="群组ID" rmk=""/>
				<ITEM key="B040024" eng="GROUP_NAME" chn="群组名称" rmk=""/>
				<ITEM key="B060004" eng="FRIEND_ID" chn="创建者ID" rmk=""/>
				<ITEM key="B060002" eng="FRIEND_ACCOUNT" chn="创建者账号" rmk=""/>
				<ITEM key="D010014" eng="GROUP_OWNER_NICKNAME" chn="创建者昵称" rmk=""/>
				<ITEM key="D010019" eng="GROUP_MEMBER_COUNT" chn="人数" rmk=""/>
				<ITEM key="D010020" eng="GROUP_MAX_MEMBER_COUT" chn="最大成员数" rmk=""/>
				<ITEM key="D010017" eng="GROUP_NOTICE" chn="群公告" rmk=""/>
				<ITEM key="D010018" eng="GROUP_DESCRIPTION" chn="群简介" rmk=""/>
				<ITEM key="H010029" eng="DELETE_STATUS" chn="删除状态" rmk=""/>
				<ITEM key="B040033" eng="DELETE_TIME" chn="删除时间" rmk=""/>
		</DATA>
	</DATASET>
</DATA><DATA>
	<ITEM key="I010032" val="\t" rmk="列分隔符（缺少值时默认为制表符\t）"/>
	<ITEM key="I010033" val="\r\n" rmk="行分隔符（缺少值时默认为换行符\n）"/>
	<ITEM key="A010004" val="WA_MFORENSICS_020500" rmk="数据集代码"/>
	<ITEM key="B050016" val="137" rmk="数据来源"/>
	<ITEM key="F010008" val="350000" rmk="数据采集地"/>
	<ITEM key="I010038" val="1" rmk="数据起始行，可选项，不填写默认为第１行"/>
	<ITEM key="I010039" val="UTF-8" rmk="可选项，默认为UTF-8，BCP文件编码格式（采用不带格式的编码方式，如：UTF-8无BOM）"/>
	<DATASET name="WA_COMMON_010014" rmk="BCP数据文件信息">
		<DATA>
			<ITEM key="H040003" val="" rmk="文件路径"/>
			<ITEM key="H010020" val="137-350000-1403534417-00001-WA_MFORENSICS_020500-0.bcp" rmk="文件名"/>
			<ITEM key="I010034" val="2,156" rmk="记录行数"/>
		</DATA>
	</DATASET>
	<DATASET name="WA_COMMON_010015" rmk="BCP文件数据结构" fieldcnt="14">
		<DATA>
				<ITEM key="I050008" eng="COLLECT_TARGET_ID" chn="手机取证采集目标编号" rmk=""/>
				<ITEM key="B040006" eng="CONTACT_ACCOUNT_TYPE" chn="账号类型" rmk=""/>
				<ITEM key="B040003" eng="ACCOUNT_ID" chn="用户ID" rmk=""/>
				<ITEM key="B040002" eng="ACCOUNT" chn="账号" rmk=""/>
				<ITEM key="B040004" eng="REGIS_NICKNAME" chn="昵称" rmk=""/>
				<ITEM key="B060004" eng="FRIEND_ID" chn="好友用户ID" rmk=""/>
				<ITEM key="B060002" eng="FRIEND_ACCOUNT" chn="好友账号" rmk=""/>
				<ITEM key="B060005" eng="FRIEND_NICKNAME" chn="好友昵称" rmk=""/>
				<ITEM key="H040001" eng="CONTENT" chn="即时信息内容" rmk=""/>
				<ITEM key="H030008" eng="MAIL_SEND_TIME" chn="发送时间" rmk=""/>
				<ITEM key="H040002" eng="LOCAL_ACTION" chn="本地动作" rmk=""/>
				<ITEM key="H040006" eng="TALK_ID" chn="聊天记录ID" rmk=""/>
				<ITEM key="H010029" eng="DELETE_STATUS" chn="删除状态" rmk=""/>
				<ITEM key="B040033" eng="DELETE_TIME" chn="删除时间" rmk=""/>
		</DATA>
	</DATASET>
</DATA><DATA>
	<ITEM key="I010032" val="\t" rmk="列分隔符（缺少值时默认为制表符\t）"/>
	<ITEM key="I010033" val="\r\n" rmk="行分隔符（缺少值时默认为换行符\n）"/>
	<ITEM key="A010004" val="WA_MFORENSICS_070200" rmk="数据集代码"/>
	<ITEM key="B050016" val="137" rmk="数据来源"/>
	<ITEM key="F010008" val="350000" rmk="数据采集地"/>
	<ITEM key="I010038" val="1" rmk="数据起始行，可选项，不填写默认为第１行"/>
	<ITEM key="I010039" val="UTF-8" rmk="可选项，默认为UTF-8，BCP文件编码格式（采用不带格式的编码方式，如：UTF-8无BOM）"/>
	<DATASET name="WA_COMMON_010014" rmk="BCP数据文件信息">
		<DATA>
			<ITEM key="H040003" val="" rmk="文件路径"/>
			<ITEM key="H010020" val="137-350000-1403534417-00001-WA_MFORENSICS_070200-0.bcp" rmk="文件名"/>
			<ITEM key="I010034" val="14" rmk="记录行数"/>
		</DATA>
	</DATASET>
	<DATASET name="WA_COMMON_010015" rmk="BCP文件数据结构" fieldcnt="14">
		<DATA>
				<ITEM key="I050008" eng="COLLECT_TARGET_ID" chn="手机取证采集目标编号" rmk=""/>
				<ITEM key="G020031" eng="NETWORK_APP" chn="软件类型" rmk=""/>
				<ITEM key="B040003" eng="ACCOUNT_ID" chn="用户ID" rmk=""/>
				<ITEM key="B040002" eng="ACCOUNT" chn="账号" rmk=""/>
				<ITEM key="H150004" eng="MATERIALS_SOURCE" chn="商品来源" rmk=""/>
				<ITEM key="C020016" eng="OS_PRODUCT_ID" chn="商品ID" rmk=""/>
				<ITEM key="C010001" eng="MATERIALS_NAME" chn="商品名称" rmk=""/>
				<ITEM key="C110004" eng="CREATE_TIME" chn="时间" rmk=""/>
				<ITEM key="C010007" eng="MONEY" chn="价格" rmk=""/>
				<ITEM key="G010002" eng="URL" chn="网址" rmk=""/>
				<ITEM key="H090017" eng="EXTRACT_DESC" chn="商品内容描述" rmk=""/>
				<ITEM key="C010006" eng="BUYCOUNT" chn="销售量" rmk=""/>
				<ITEM key="H010029" eng="DELETE_STATUS" chn="删除状态" rmk=""/>
				<ITEM key="B040033" eng="DELETE_TIME" chn="删除时间" rmk=""/>
		</DATA>
	</DATASET>
</DATA><DATA>
	<ITEM key="I010032" val="\t" rmk="列分隔符（缺少值时默认为制表符\t）"/>
	<ITEM key="I010033" val="\r\n" rmk="行分隔符（缺少值时默认为换行符\n）"/>
	<ITEM key="A010004" val="WA_MFORENSICS_090100" rmk="数据集代码"/>
	<ITEM key="B050016" val="137" rmk="数据来源"/>
	<ITEM key="F010008" val="350000" rmk="数据采集地"/>
	<ITEM key="I010038" val="1" rmk="数据起始行，可选项，不填写默认为第１行"/>
	<ITEM key="I010039" val="UTF-8" rmk="可选项，默认为UTF-8，BCP文件编码格式（采用不带格式的编码方式，如：UTF-8无BOM）"/>
	<DATASET name="WA_COMMON_010014" rmk="BCP数据文件信息">
		<DATA>
			<ITEM key="H040003" val="" rmk="文件路径"/>
			<ITEM key="H010020" val="137-350000-1403534417-00001-WA_MFORENSICS_090100-0.bcp" rmk="文件名"/>
			<ITEM key="I010034" val="49" rmk="记录行数"/>
		</DATA>
	</DATASET>
	<DATASET name="WA_COMMON_010015" rmk="BCP文件数据结构" fieldcnt="6">
		<DATA>
				<ITEM key="I050008" eng="COLLECT_TARGET_ID" chn="手机取证采集目标编号" rmk=""/>
				<ITEM key="C020021" eng="SOFTWARE_NAME" chn="软件名称" rmk=""/>
				<ITEM key="B040026" eng="USER_NAME" chn="用户名" rmk=""/>
				<ITEM key="B040005" eng="PASSWORD" chn="密码" rmk=""/>
				<ITEM key="H010029" eng="DELETE_STATUS" chn="删除状态" rmk=""/>
				<ITEM key="B040033" eng="DELETE_TIME" chn="删除时间" rmk=""/>
		</DATA>
	</DATASET>
</DATA><DATA>
	<ITEM key="I010032" val="\t" rmk="列分隔符（缺少值时默认为制表符\t）"/>
	<ITEM key="I010033" val="\r\n" rmk="行分隔符（缺少值时默认为换行符\n）"/>
	<ITEM key="A010004" val="WA_MFORENSICS_020600" rmk="数据集代码"/>
	<ITEM key="B050016" val="137" rmk="数据来源"/>
	<ITEM key="F010008" val="350000" rmk="数据采集地"/>
	<ITEM key="I010038" val="1" rmk="数据起始行，可选项，不填写默认为第１行"/>
	<ITEM key="I010039" val="UTF-8" rmk="可选项，默认为UTF-8，BCP文件编码格式（采用不带格式的编码方式，如：UTF-8无BOM）"/>
	<DATASET name="WA_COMMON_010014" rmk="BCP数据文件信息">
		<DATA>
			<ITEM key="H040003" val="" rmk="文件路径"/>
			<ITEM key="H010020" val="137-350000-1403534417-00002-WA_MFORENSICS_020600-0.bcp" rmk="文件名"/>
			<ITEM key="I010034" val="3,813" rmk="记录行数"/>
		</DATA>
	</DATASET>
	<DATASET name="WA_COMMON_010015" rmk="BCP文件数据结构" fieldcnt="15">
		<DATA>
				<ITEM key="I050008" eng="COLLECT_TARGET_ID" chn="手机取证采集目标编号" rmk=""/>
				<ITEM key="B040006" eng="CONTACT_ACCOUNT_TYPE" chn="账号类型" rmk=""/>
				<ITEM key="B040003" eng="ACCOUNT_ID" chn="用户ID" rmk=""/>
				<ITEM key="B040002" eng="ACCOUNT" chn="账号" rmk=""/>
				<ITEM key="B040017" eng="GROUP_NUM" chn="群组ID" rmk=""/>
				<ITEM key="B040024" eng="GROUP_NAME" chn="群组名称" rmk=""/>
				<ITEM key="B060004" eng="FRIEND_ID" chn="发送者ID" rmk=""/>
				<ITEM key="B060002" eng="FRIEND_ACCOUNT" chn="发送者账号" rmk=""/>
				<ITEM key="B060005" eng="FRIEND_NICKNAME" chn="发送者昵称" rmk=""/>
				<ITEM key="H040001" eng="CONTENT" chn="即时信息内容" rmk=""/>
				<ITEM key="H030008" eng="MAIL_SEND_TIME" chn="发送时间" rmk=""/>
				<ITEM key="H040002" eng="LOCAL_ACTION" chn="本地动作" rmk=""/>
				<ITEM key="H040006" eng="TALK_ID" chn="聊天记录ID" rmk=""/>
				<ITEM key="H010029" eng="DELETE_STATUS" chn="删除状态" rmk=""/>
				<ITEM key="B040033" eng="DELETE_TIME" chn="删除时间" rmk=""/>
		</DATA>
	</DATASET>
</DATA><DATA>
	<ITEM key="I010032" val="\t" rmk="列分隔符（缺少值时默认为制表符\t）"/>
	<ITEM key="I010033" val="\r\n" rmk="行分隔符（缺少值时默认为换行符\n）"/>
	<ITEM key="A010004" val="WA_MFORENSICS_070100" rmk="数据集代码"/>
	<ITEM key="B050016" val="137" rmk="数据来源"/>
	<ITEM key="F010008" val="350000" rmk="数据采集地"/>
	<ITEM key="I010038" val="1" rmk="数据起始行，可选项，不填写默认为第１行"/>
	<ITEM key="I010039" val="UTF-8" rmk="可选项，默认为UTF-8，BCP文件编码格式（采用不带格式的编码方式，如：UTF-8无BOM）"/>
	<DATASET name="WA_COMMON_010014" rmk="BCP数据文件信息">
		<DATA>
			<ITEM key="H040003" val="" rmk="文件路径"/>
			<ITEM key="H010020" val="137-350000-1403534417-00001-WA_MFORENSICS_070100-0.bcp" rmk="文件名"/>
			<ITEM key="I010034" val="4" rmk="记录行数"/>
		</DATA>
	</DATASET>
	<DATASET name="WA_COMMON_010015" rmk="BCP文件数据结构" fieldcnt="30">
		<DATA>
				<ITEM key="I050008" eng="COLLECT_TARGET_ID" chn="手机取证采集目标编号" rmk=""/>
				<ITEM key="G020031" eng="NETWORK_APP" chn="软件类型" rmk=""/>
				<ITEM key="B040003" eng="ACCOUNT_ID" chn="用户ID" rmk=""/>
				<ITEM key="B040002" eng="ACCOUNT" chn="账号" rmk=""/>
				<ITEM key="B040004" eng="REGIS_NICKNAME" chn="用户昵称" rmk=""/>
				<ITEM key="B040005" eng="PASSWORD" chn="密码" rmk=""/>
				<ITEM key="C020018" eng="INSTALL_TIME" chn="安装日期" rmk=""/>
				<ITEM key="B030001" eng="AREA" chn="国家代号" rmk=""/>
				<ITEM key="B030002" eng="CITY_CODE" chn="行政区划" rmk=""/>
				<ITEM key="B020004" eng="FIXED_PHONE" chn="电话号码" rmk=""/>
				<ITEM key="B020005" eng="MSISDN" chn="手机号码" rmk=""/>
				<ITEM key="B040023" eng="EMAIL_ACCOUNT" chn="邮箱地址" rmk=""/>
				<ITEM key="B030004" eng="CERTIFICATE_TYPE" chn="对象证件类型" rmk=""/>
				<ITEM key="B030005" eng="CERTIFICATE_CODE" chn="对象证件号码" rmk=""/>
				<ITEM key="B010011" eng="SEXCODE" chn="性别" rmk=""/>
				<ITEM key="B010015" eng="AGE" chn="年龄" rmk=""/>
				<ITEM key="B020008" eng="POSTAL_ADDRESS" chn="联系地址" rmk=""/>
				<ITEM key="B020009" eng="POSTAL_CODE" chn="邮政编码" rmk=""/>
				<ITEM key="B030024" eng="OCCUPATION_NAME" chn="职业名称" rmk=""/>
				<ITEM key="B010016" eng="BLOOD_TYPE" chn="血型" rmk=""/>
				<ITEM key="B010001" eng="NAME" chn="真实名" rmk=""/>
				<ITEM key="B040029" eng="SIGN_NAME" chn="个性签名" rmk=""/>
				<ITEM key="B040030" eng="PERSONAL_DESC" chn="个人说明" rmk=""/>
				<ITEM key="B040031" eng="REG_CITY" chn="城市" rmk=""/>
				<ITEM key="B030018" eng="GRADUATESCHOOL" chn="毕业院校" rmk=""/>
				<ITEM key="B040034" eng="ZODIAC" chn="生肖" rmk=""/>
				<ITEM key="B040035" eng="CONSTALLATION" chn="星座" rmk=""/>
				<ITEM key="B010014" eng="BIRTHDAY" chn="出生年月" rmk=""/>
				<ITEM key="H010029" eng="DELETE_STATUS" chn="删除状态" rmk=""/>
				<ITEM key="B040033" eng="DELETE_TIME" chn="删除时间" rmk=""/>
		</DATA>
	</DATASET>
</DATA><DATA>
	<ITEM key="I010032" val="\t" rmk="列分隔符（缺少值时默认为制表符\t）"/>
	<ITEM key="I010033" val="\r\n" rmk="行分隔符（缺少值时默认为换行符\n）"/>
	<ITEM key="A010004" val="WA_MFORENSICS_020600" rmk="数据集代码"/>
	<ITEM key="B050016" val="137" rmk="数据来源"/>
	<ITEM key="F010008" val="350000" rmk="数据采集地"/>
	<ITEM key="I010038" val="1" rmk="数据起始行，可选项，不填写默认为第１行"/>
	<ITEM key="I010039" val="UTF-8" rmk="可选项，默认为UTF-8，BCP文件编码格式（采用不带格式的编码方式，如：UTF-8无BOM）"/>
	<DATASET name="WA_COMMON_010014" rmk="BCP数据文件信息">
		<DATA>
			<ITEM key="H040003" val="" rmk="文件路径"/>
			<ITEM key="H010020" val="137-350000-1403534417-00001-WA_MFORENSICS_020600-0.bcp" rmk="文件名"/>
			<ITEM key="I010034" val="5,000" rmk="记录行数"/>
		</DATA>
	</DATASET>
	<DATASET name="WA_COMMON_010015" rmk="BCP文件数据结构" fieldcnt="15">
		<DATA>
				<ITEM key="I050008" eng="COLLECT_TARGET_ID" chn="手机取证采集目标编号" rmk=""/>
				<ITEM key="B040006" eng="CONTACT_ACCOUNT_TYPE" chn="账号类型" rmk=""/>
				<ITEM key="B040003" eng="ACCOUNT_ID" chn="用户ID" rmk=""/>
				<ITEM key="B040002" eng="ACCOUNT" chn="账号" rmk=""/>
				<ITEM key="B040017" eng="GROUP_NUM" chn="群组ID" rmk=""/>
				<ITEM key="B040024" eng="GROUP_NAME" chn="群组名称" rmk=""/>
				<ITEM key="B060004" eng="FRIEND_ID" chn="发送者ID" rmk=""/>
				<ITEM key="B060002" eng="FRIEND_ACCOUNT" chn="发送者账号" rmk=""/>
				<ITEM key="B060005" eng="FRIEND_NICKNAME" chn="发送者昵称" rmk=""/>
				<ITEM key="H040001" eng="CONTENT" chn="即时信息内容" rmk=""/>
				<ITEM key="H030008" eng="MAIL_SEND_TIME" chn="发送时间" rmk=""/>
				<ITEM key="H040002" eng="LOCAL_ACTION" chn="本地动作" rmk=""/>
				<ITEM key="H040006" eng="TALK_ID" chn="聊天记录ID" rmk=""/>
				<ITEM key="H010029" eng="DELETE_STATUS" chn="删除状态" rmk=""/>
				<ITEM key="B040033" eng="DELETE_TIME" chn="删除时间" rmk=""/>
		</DATA>
	</DATASET>
</DATA><DATA>
	<ITEM key="I010032" val="\t" rmk="列分隔符（缺少值时默认为制表符\t）"/>
	<ITEM key="I010033" val="\r\n" rmk="行分隔符（缺少值时默认为换行符\n）"/>
	<ITEM key="A010004" val="WA_MFORENSICS_010600" rmk="数据集代码"/>
	<ITEM key="B050016" val="137" rmk="数据来源"/>
	<ITEM key="F010008" val="350000" rmk="数据采集地"/>
	<ITEM key="I010038" val="1" rmk="数据起始行，可选项，不填写默认为第１行"/>
	<ITEM key="I010039" val="UTF-8" rmk="可选项，默认为UTF-8，BCP文件编码格式（采用不带格式的编码方式，如：UTF-8无BOM）"/>
	<DATASET name="WA_COMMON_010014" rmk="BCP数据文件信息">
		<DATA>
			<ITEM key="H040003" val="" rmk="文件路径"/>
			<ITEM key="H010020" val="137-350000-1403534417-00001-WA_MFORENSICS_010600-0.bcp" rmk="文件名"/>
			<ITEM key="I010034" val="299" rmk="记录行数"/>
		</DATA>
	</DATASET>
	<DATASET name="WA_COMMON_010015" rmk="BCP文件数据结构" fieldcnt="12">
		<DATA>
				<ITEM key="I050008" eng="COLLECT_TARGET_ID" chn="手机取证采集目标编号" rmk=""/>
				<ITEM key="B020005" eng="MSISDN" chn="本机号码" rmk=""/>
				<ITEM key="B070003" eng="RELATIONSHIP_ACCOUNT" chn="对方号码" rmk=""/>
				<ITEM key="B070002" eng="RELATIONSHIP_NAME" chn="联系人姓名" rmk=""/>
				<ITEM key="B020019" eng="CALL_STATUS" chn="通话状态" rmk=""/>
				<ITEM key="H040002" eng="LOCAL_ACTION" chn="本地动作" rmk=""/>
				<ITEM key="H010015" eng="START_TIME" chn="通话开始时间" rmk=""/>
				<ITEM key="H010016" eng="END_TIME" chn="通话结束时间" rmk=""/>
				<ITEM key="H010030" eng="DUAL_TIME" chn="通话时长" rmk=""/>
				<ITEM key="H100034" eng="PRIVACYCONFIG" chn="加密状态" rmk=""/>
				<ITEM key="H010029" eng="DELETE_STATUS" chn="删除状态" rmk=""/>
				<ITEM key="B040033" eng="DELETE_TIME" chn="删除时间" rmk=""/>
		</DATA>
	</DATASET>
</DATA></DATASET></DATA></DATASET></MESSAGE>